vani_index,sp_index,server_type,file_id,canto,chapter,text,prefix,display_name,speaker,category_name,category,encrypt_id
1,,drive,1_5q6KZa3fxxbfAKLAO4m-f5rUqOfIjl_,,,,,19.Material world place of Suffering.mp3,dd,dd series,1. dd series,uutljbbd
2,,drive,108Up1ryj2IUVvTvGQ8gEMDzhyRO5_L0n,,,,,27.Krsna is equal to all.mp3,dd,dd series,1. dd series,bspeqadb
3,,drive,10fC-j44wxUZ6V0w4w_NOmeCzYqYUNJIz,,,,,49.06D_D_49_2ND_PART (2).mp3,dd,dd series,1. dd series,ijzfbxvo
4,,drive,10HhzR5mbWIRRn9fJmvfWli7-C_Xx65Bo,,,,,43.01DD45.mp3,dd,dd series,1. dd series,wnqoslmi
5,,drive,11aUhYguB5YvzwnVZ52FsKiDIzVYfxQUN,,,,,38.Impersonalism-4.mp3,dd,dd series,1. dd series,cbyotfcu
6,,drive,11KCE_Br7HVKr1FYRADBy52FuA_gu_d6o,,,,,10.Consciousness & super consciousness.mp3,dd,dd series,1. dd series,ytilkook
7,,drive,11lzT6OVcEpRPo9KAeOlBhcNFdkbfinjA,,,,,25.Krsna Reciprocate .mp3,dd,dd series,1. dd series,cprbxxse
8,,drive,12LpFImWRvE82Pj1SycH_dKuSVSEbrZRL,,,,,29.Four types of people surrender to Krsna.mp3,dd,dd series,1. dd series,umtnbncs
9,,drive,12ZAzPNIbiKS49-kJpI6JKOdnOxMLdCw6,,,,,8.Lord Krsna the supreme.mp3,dd,dd series,1. dd series,xibuzqzu
10,,drive,13FnXRCd_GJjVD6x29R-r4lPGEmg5TFBC,,,,,47.04DD48_2ND_PART.mp3,dd,dd series,1. dd series,genrcqdf
11,,drive,14_g9X88vOcT1KT6pvp-35uBQE88zFy0_,,,,,3.Surrender(2).mp3,dd,dd series,1. dd series,fgamuuiq
12,,drive,1456GQNAgx7sl2Dm7cF4YQSOzOsIW2skA,,,,,31.Demigods-1.mp3,dd,dd series,1. dd series,iwxugrls
13,,drive,16Qnam5OvW8ASQZQ8cjThxuLlCcoPqcaw,,,,,22.Purpose of Vedas to Know Krsna.mp3,dd,dd series,1. dd series,wygxjtdx
14,,drive,182MCYiCuG7TE7tsHV89spRWiWWJlm7Yi,,,,,45.02DD45_2ND_PART.mp3,dd,dd series,1. dd series,dnhtxzyb
15,,drive,18b9FNh8g4TePA_RXuq9zt57JhWyDsR6V,,,,,1.Real Freedom.mp3,dd,dd series,1. dd series,aqzgozdr
16,,drive,18j45l5JVkwDriH-CAIWKc-saWaU2ie6U,,,,,11.Eternal Soul.mp3,dd,dd series,1. dd series,vtivseqr
17,,drive,18jjSpT-xL2t0W-5XWSto0nPZkZhaI0L-,,,,,18.Material world-Abode of Miseries.mp3,dd,dd series,1. dd series,evnpmolx
18,,drive,18wdHYUpdUbufP6C4px99nNG87KRvGstS,,,,,2.Surrender(1).mp3,dd,dd series,1. dd series,vkrmwyin
19,,drive,1a9GzSNP7i1aqwUqZaEehBF6RMBEXm0t1,,,,,39.Impersonalism-5.mp3,dd,dd series,1. dd series,afczlwot
20,,drive,1BhKS1qu04WQIjOGH_s8kRaTUqE0NOJ6e,,,,,48.05DD49_1ST_PART_.mp3,dd,dd series,1. dd series,acheyaqk
21,,drive,1BSU4rdfr5TTQj1hP5xbVZREh0j4fu8ki,,,,,33.Demigods-3.mp3,dd,dd series,1. dd series,alxdhqzc
22,,drive,1C_-o7Rstc37mgtRhOs3qV0mkZMEJf-2N,,,,,21.Parmatma the source of memory Knowledge and fergetfullnes.mp3,dd,dd series,1. dd series,yobgsmgo
23,,drive,1CAmZcXQeNyJ75alt4iWON1a_ElU-JZAN,,,,,26.Krsna's Devotee never perishes.mp3,dd,dd series,1. dd series,dlvwvdqp
24,,drive,1CjKPfjtdfRpZrX4DVkR8gKwFK5-pClgV,,,,,42.Impersonalism-8.mp3,dd,dd series,1. dd series,sgzxanyl
25,,drive,1Dgsp7PrzP9faxf8XbSibtUJQEq0aWmDv,,,,,37.Impersonalism-3.mp3,dd,dd series,1. dd series,cdpbyizt
26,,drive,1etJoYMxCJqQsEuxYVRz9UAkC_D5oLOcH,,,,,14.We are eternal.mp3,dd,dd series,1. dd series,amblyptx
27,,drive,1GiRxBHp9teIMTQY7Dr4_9fpNSSR_l3Ab,,,,,7.Importance of cultivating Krsna Consciousness.mp3,dd,dd series,1. dd series,jrgtwhxr
28,,drive,1ii8iMTWO_L5S9us0UodFd75l5v6Vh3mP,,,,,34.Demigods-4.mp3,dd,dd series,1. dd series,tsloovgj
29,,drive,1IICNWQ73ymzYstvRxipptgpdlCQi0Hdj,,,,,32.Demigods-2.mp3,dd,dd series,1. dd series,ztjcjdvo
30,,drive,1J4hCJyZTKORY832yPMggQrtTapYbVJP-,,,,,5.Lord Krna the supreme enjoyer.mp3,dd,dd series,1. dd series,nzcpjoux
31,,drive,1jhxjwBDbvkpSAQv1Ov3BwcuKsl2Xk3UY,,,,,20.Parmatma director in Heart.mp3,dd,dd series,1. dd series,zthqfupi
32,,drive,1k5fbmJvVuh-f_4Hem-N5iG8bZRcRdknv,,,,,40.Impersonalism-6.mp3,dd,dd series,1. dd series,zrmuyaja
33,,drive,1K8bb9U0C1VBBKMc19ceIyII4qCfnWUEL,,,,,12.Understanding the Truth.mp3,dd,dd series,1. dd series,zzrfsico
34,,drive,1LB9Yz_eziITe8_rVEF99LkPBs8iH-Hef,,,,,48.05DD49_1ST_PART_ (2).mp3,dd,dd series,1. dd series,opulwyar
35,,drive,1LXN4paiMTyCwS_KcDQ0roXJ6zi0NF8eQ,,,,,36.Impersonalism-2.mp3,dd,dd series,1. dd series,ehytqvev
36,,drive,1mkG4mPlqgDMRfVAZecTaIaiVOzDetb65,,,,,6.Science of the soul.mp3,dd,dd series,1. dd series,etudpkzz
37,,drive,1Mo61oQmIUBkfrdx9qm0Nn27XAEM8wc4i,,,,,47.04DD48_2ND_PART (2).mp3,dd,dd series,1. dd series,pabkyqyk
38,,drive,1My-qRqvRmGHBvffTMYNvi0FtOWS8OZBx,,,,,9.A leaf a flower...with love.mp3,dd,dd series,1. dd series,ghkerjle
39,,drive,1nsMNaEdr4_ygRsd_u3zHhPG_ZdeFS33G,,,,,15.Changing dress for the soul.mp3,dd,dd series,1. dd series,vmilbhyu
40,,drive,1nUfSWNN7EIxZm_CVDXw5Z1RhzHMzw8dg,,,,,46.03DD481ST_PART.mp3,dd,dd series,1. dd series,sihrpyrr
41,,drive,1oWRyAcsAWNQ_eU4A6-j5eqAojH1jULK5,,,,,30.PERFECTION_OF_KNOWLEDGE.mp3,dd,dd series,1. dd series,pykcevax
42,,drive,1oyD7UhNYG_nUh6K23klwIB-AUhoeFq1P,,,,,35.Impersonalism-1.mp3,dd,dd series,1. dd series,wswpkfku
43,,drive,1PPIItyI9J9ktgkKEqYXxUeGgIkv3-fQf,,,,,45.02DD45_2ND_PART (2).mp3,dd,dd series,1. dd series,zumgpjjv
44,,drive,1qAc0Oex3chlulMQbKhtQ0goXaIlTid-N,,,,,43.01DD45 (2).mp3,dd,dd series,1. dd series,otsywrlh
45,,drive,1QNi2yi_lbZnt0qiz5goa7EjnQhk7ylb4,,,,,17.Spiritual life the higer taste.mp3,dd,dd series,1. dd series,lktughag
46,,drive,1qq_7hxCn8rZtlA2su0fO8L_sKONA2fbg,,,,,41.Impersonalism-7.mp3,dd,dd series,1. dd series,awmpooxl
47,,drive,1Sbi73gwi5M93jH2plIE2lrV_ofYuBJU6,,,,,23.Faith in the Shastra .mp3,dd,dd series,1. dd series,loaskkgv
48,,drive,1T55CmGYwN3P-TPMD1kP7G2Hokilf1X5b,,,,,28.Four types of people donot surrender.mp3,dd,dd series,1. dd series,adayfvrn
49,,drive,1XbwHsVW-533OrGi30XU40py8UtShaeZi,,,,,49.06D_D_49_2ND_PART.mp3,dd,dd series,1. dd series,utacxkob
50,,drive,1xLHeHIjSGVvf1bfBTNK1TGOJDA_OaQEN,,,,,4.Krsna is the origin of everything.mp3,dd,dd series,1. dd series,jahswqqd
51,,drive,1ZKJtFu6mYLK1ySh80RwOoIkYhaPwdMA7,,,,,46.03DD481ST_PART (2).mp3,dd,dd series,1. dd series,cvlhoafw
52,,drive,1-yp11zdexuI1wbHqsc3lgoA4dWU_N2Lu,,,,,3 RSP_SAVMML_07-Meaning Of Tulasi Arati-27.5.04.mp3,hgrsp,Mahajana Series,1. Mahajana Series,nhoudrsx
53,,drive,108qDQw8oOTvGMW5DrRLUw4InmCaXqP4D,,,,,2 RSP_SAVMML_06-Meaning Of Narasimha Arati-17.5.04.mp3,hgrsp,Mahajana Series,1. Mahajana Series,epipogfg
54,,drive,146CIRf9LTFGR9EUdl4TYJnUhuc-9iL_P,,,,,10 10_RSP_Mahajan_Active Service To SP_8-5-04.mp3,hgrsp,Mahajana Series,1. Mahajana Series,mkrvpjmc
55,,drive,15fozROhTggVcrI8HIKxKfJdqT8uM5SVB,,,,,6 RSP_SAVMML_08-Meaning OF Gurupuja-23.6.04.mp3,hgrsp,Mahajana Series,1. Mahajana Series,drezztlo
56,,drive,1aurKoLLIiTfKEMjPwmlQg0IEENMscU12,,,,,1 RSP_SAVMML_03-Meaning Of Mangal Aarati.mp3,hgrsp,Mahajana Series,1. Mahajana Series,eutvgdpg
57,,drive,1ChGMiBcOrngsbzFXHDupGFZGggODWrG4,,,,,4 13_RSP_Mahajan_Inspirational Attraction towards Vaishnava-I-16_6_4.mp3,hgrsp,Mahajana Series,1. Mahajana Series,wosrztld
58,,drive,1JVw8CCRdHdmbNA5IMYiEoTZvRqv9IL7u,,,,,9 16_RSP_Mahajan_Living with devotees_14-5-05.mp3,hgrsp,Mahajana Series,1. Mahajana Series,dprhqyxk
59,,drive,1l5-yUEsyXzWJpx1AvXTFj1HcIQIGzLIx,,,,,12 12_RSP_Mahajan_how to enjoy now & later_26-8-05.mp3,hgrsp,Mahajana Series,1. Mahajana Series,yjmnjjjy
60,,drive,1N7ZLSISaY6a6oOwO6rJqVEwYTAofHJ9v,,,,,11 11_RSP_Mahajan_Devotional service-Mercy or endeavor_29-6-05.mp3,hgrsp,Mahajana Series,1. Mahajana Series,ubhueyal
61,,drive,1tegQnnQLsf4sdhD_RPCPhtewm1jTo1-u,,,,,13 RSP_mahajan_leave sense gratification and cooperate for SP pleasure_17-5-06.mp3,hgrsp,Mahajana Series,1. Mahajana Series,erxjfcsw
62,,drive,1xPhag0Q53yEdPGsKlDRpU-lymNCh7KWu,,,,,5 14_RSP_Mahajan_Inspirational Attraction towards Vaishnava-II-18_6_4.mp3,hgrsp,Mahajana Series,1. Mahajana Series,oiefkuqm
63,,drive,1Y5MHSa_UYSGdAttVPnQdYdCbpBg-cp0F,,,,,8 RSP_SAVMML_10-Meaning Of Gurupuja-30.6.04.mp3,hgrsp,Mahajana Series,1. Mahajana Series,voakgasy
64,,drive,1ycOarKpmrTFUX4HQvXFJDrZTmOwXUHcF,,,,,7 RSP_SAVMML_09-Meaning of Gurupuja-25.6.04.mp3,hgrsp,Mahajana Series,1. Mahajana Series,gqjmxgzf
65,,drive,1-hxwaO3k8yG2gCiqRUZpVU_UZuEY0jkH,,,,,10-07-20_avodhya_Teachings of Queen Kunti series-6 (SB 1.8.23).mp3,hgrsp,TQK Series,2. TQK Series,camdkxog
66,,drive,104CcxxDR4U_cMMt5NvUxSzwEUP3UYifD,,,,,11-12-01_SURBHIKUNJ VOICE_TQK 5(SB 1.8.22)_RSP_.mp3,hgrsp,TQK Series,2. TQK Series,avnwtfhu
67,,drive,10At-SsuNyB5K-XzcJvYPBXzDTuq5ZKnS,,,,,10-08-30_COET_Teachings of Queen Kunti series-8 (SB 1.8.25)_RSP.MP3,hgrsp,TQK Series,2. TQK Series,obogeehf
68,,drive,11mziFGJcliY19kmciTtV5xaHvvV6slb9,,,,,10-09-05_Ayodhya VOICE_Touch of superior energy - TQA-11_RSP.MP3,hgrsp,TQK Series,2. TQK Series,pymdmmit
69,,drive,12I5RqCcZssSM9jzIpEN2BRKoCP186706,,,,,10-11-13_Vrajadham VOICE_TQK 19_RSP.MP3,hgrsp,TQK Series,2. TQK Series,leywmqzr
70,,drive,14HdUZcoR2Evm9FHnPjFEW7zTpnTo4e3U,,,,,10-07-22_VIT_Teachings of Queen Kunti series-4 (SB 1.8.21).mp3,hgrsp,TQK Series,2. TQK Series,yukmaded
71,,drive,19K2S6i9J6w1Hj19yjyNKqnu-wjdl6aCt,,,,,12-01-11_AIT VOICE_TQK 22_Beauty in Krishna's presence_RSP.mp3,hgrsp,TQK Series,2. TQK Series,jbwcrvzf
72,,drive,1Dl4JodiZ4GJeYAgRqScjapWkA19erTHq,,,,,10-07-12_GGD_Teachings of Queen Kunti series-1 (SB 1.8.18).mp3,hgrsp,TQK Series,2. TQK Series,gmjcgomt
73,,drive,1dldCAuRH_vYGoDCoQqeU1hRL72sl7-KU,,,,,11-04-24_GGD_TQK-19_Crossing Beyond Illusion's Currents-1_RSP.MP3,hgrsp,TQK Series,2. TQK Series,fxvlbxfr
74,,drive,1dyKtjSVnwB4rTyh1SDkPBJRvqwcX_EBD,,,,,10-08-31_DY patil_Teachings of Queen Kunti series-9 (SB 1.8.26)_RSP.MP3,hgrsp,TQK Series,2. TQK Series,egvoppmb
75,,drive,1FKDF9CzJi_dev-NUDgcuQDT_-38PyatH,,,,,10-07-15_avodhya_Teachings of Queen Kunti series-3 (SB 1.8.20).MP3,hgrsp,TQK Series,2. TQK Series,eeebuvbt
76,,drive,1gi1xNn1zzcQ2fPUQ6gpnqTKkvYaehr8X,,,,,10-07-13_mayapur_Teachings of Queen Kunti series-2 (SB 1.8.19).mp3,hgrsp,TQK Series,2. TQK Series,ctfgglkx
77,,drive,1iuZXMvh4flvk1fMk-6bsLc7PPcbfdQh3,,,,,10-08-18_PICT_SB_1.8.26_Teaching of QueenKunti_HG RSP.WAV,hgrsp,TQK Series,2. TQK Series,bdyzphyp
78,,drive,1j8Y5KKps735sRJ2jmBvkqraExWAba-h7,,,,,10-09-01_Mithila_Teachings of Queen Kunti series-10 (SB 1.8.27)_RSP.MP3,hgrsp,TQK Series,2. TQK Series,yhqhbxmc
79,,drive,1JAS9gSjJOziGHXZh5BNu-Rk89IL3_A_b,,,,,10-12-10_Mayapur VOICE_TQK 20_RSP.MP3,hgrsp,TQK Series,2. TQK Series,ltilbesx
80,,drive,1JqhlJceZ-XTTUdfzVVZ1MQb0DJEvhUHd,,,,,10-09-10_GGD VOICE_TQK-12 Bewildering pastimes_RSP.MP3,hgrsp,TQK Series,2. TQK Series,mgbkeqga
81,,drive,1jTF8q4NuHVuEztYMmGWDWn7Du67vrX-2,,,,,11-12-16_TOQK_Lightening the burden of the world_RSP.MP3,hgrsp,TQK Series,2. TQK Series,uhtfipbg
82,,drive,1KUS8q5Hx9lkU_8rNGv--7XARC1gv5weE,,,,,10-09-17_Mayapur VOICE_TQK 15 Beyond Birth and Death_RSP.mp3,hgrsp,TQK Series,2. TQK Series,itcajjxl
83,,drive,1lm6ewfUZ2qykBCKSYo4NtDdKFWgbmldy,,,,,10-09-14_Tilak VOICE_TQK 13 The vital force of the universe_RSP  (1).mp3,hgrsp,TQK Series,2. TQK Series,lodjtszf
84,,drive,1PJ6a7JxdNqcleH9AZJwRFACzVLtfkEZf,,,,,10-08-17_BJ_Teachings of Queen Kunti series-8 (SB 1.8.25).mp3,hgrsp,TQK Series,2. TQK Series,vbeamicb
85,,drive,1Pufv5lQ4opsFjti4xHVncYbY5Fyrdm0l,,,,,11-01-10_Vrajadham VOICE_TQK 20_RSP.MP3,hgrsp,TQK Series,2. TQK Series,wfsbjnpm
86,,drive,1qaA2w-gerIKbf0teYR74swyAN5PvODOi,,,,,10-09-12_SRM VOICE_ SB 1.8.14 TQK_Natural properity_RSP.MP3,hgrsp,TQK Series,2. TQK Series,mjayijlz
87,,drive,1sZ7Pdy3sU15kjO7rxNJnkPdSk3pYX2tO,,,,,10-08-16_VIT_Teachings of Queen Kunti series-7 (SB 1.8.24).mp3,hgrsp,TQK Series,2. TQK Series,awtooyzm
88,,drive,1tbsSzp8W-VW9kmL5ziIPJQE3fw81X3-x,,,,,10-09-16_Ayodhya VOICE_TQK 14 Lord Krishna's Wonserful Activities_RSP.mp3,hgrsp,TQK Series,2. TQK Series,leajyxeh
89,,drive,1udz7kx6CPXzJ2Npm_YdysounfZI_mMlo,,,,,12-01-09_COEP_TQK 21_What is our value_RSP.mp3,hgrsp,TQK Series,2. TQK Series,pkkvlffl
90,,drive,1zWPgiXGleOPcJkPS48gijcWzd0Z71YU6,,,,,10-11-11_GGD VOICE_TQK 18 Liberation from ignorance and suffering_RSP.MP3,hgrsp,TQK Series,2. TQK Series,yqsefsrq
91,,drive,1-DLsDUU8O8xUmGCfxtIn4CnPxLulQJo8,,,,,03 Cultivating The Proper Substance Of A Vaisnava Attitude (Lec For Pune BACE Devotees) 12-12-05.mp3,hhrnsm,MP lectures,1. MP lectures,koletzfe
92,,drive,12u8EKWhe1Faldpnbr9zsuNtexBTE9NBc,,,,,05-087-Human Freedom To Feed the Good Dog or Bad Dog (Mumbai)-SF-dt_25_09_05.mp3,hhrnsm,MP lectures,1. MP lectures,rtfxzlul
93,,drive,15n_EFhe7-PcTpkp-f7BQPYOmqhRsVSQs,,,,,2011-12-10_SB-10-04-21_-_Philosophy_without_Character_has_no_Meaning_-_Radhanath_Swami_ISKCON_Chowpatty.mp3,hhrnsm,MP lectures,1. MP lectures,wdydwshq
94,,drive,15sNyTnn03TcvmPF2sUUwf-3rHwrJNmrj,,,,,05_Monkey_Psychology_in_Concrete_Jungle_SB-05_14_32_Mumbai_-_16-10-05_IDesireTree.mp3,hhrnsm,MP lectures,1. MP lectures,mekvpntm
95,,drive,16sSfyPt-doDQ_EBWYosCEN5GEzPui3QX,,,,,89-040-Stop Trusting Your Mind (Mumbai)-OT-dt_89_09_01.mp3,hhrnsm,MP lectures,1. MP lectures,dgzteplk
96,,drive,16ZGbxgt0qRtcNZZ6fvflOK2wooRIZVUk,,,,,17. 28.01.94  SB.10.51.48 - 49 Maya knows your ins and outs.mp3,hhrnsm,MP lectures,1. MP lectures,olescmjv
97,,drive,17Ndw0Z5Gsi8SyK2ujtubzgnY2KUVJVjn,,,,,02-104-Conquering the Greatest Enemy (Mumbai)-OT-dt_02_10_19.mp3,hhrnsm,MP lectures,1. MP lectures,dagygujc
98,,drive,1a0T8b0_q9NvhQNfqRz3CtsPt4JEoG0dv,,,,,"13. Four Essential Qualities of a Vaisnava - III, 23.2.02 Pu.mp3",hhrnsm,MP lectures,1. MP lectures,kasbpebv
99,,drive,1ACshMjtI336iE3_xa0g9X5GgHv45nw8p,,,,,"90-086  Determination (BG-2_41, Mumbai) 05-10-90.mp3",hhrnsm,MP lectures,1. MP lectures,ahfvdhoa
100,,drive,1aklHzq6lcdZSVkJX_VES4RLkkAxO9yqP,,,,,(C) 29.01.94  SB.10.51.49 Futility of Material Life - Mumbai.mp3,hhrnsm,MP lectures,1. MP lectures,ihdvbbjt
101,,drive,1b1jAQDjy_d3wdvBTVMdOuti1wWrzvm0b,,,,,93-10-31_SB_2_2_5_We are Spoilt Brats_HHRNS_Bom.mp3,hhrnsm,MP lectures,1. MP lectures,jhgwprnb
102,,drive,1BuYiEgL10ZkCHgViSg45qMuLm2PFlFY6,,,,,92-018-Reading The Bhagvatam (Mumbai)-SB_10_4_20-dt_92_01_30.mp3,hhrnsm,MP lectures,1. MP lectures,qeoqtqmd
103,,drive,1bUyo1DNJfnS9nkABETF1FlHELLltlxwQ,,,,,14. Chanting is Our First Responsibility 9.9.02 London.mp3,hhrnsm,MP lectures,1. MP lectures,dyxzximc
104,,drive,1BYKPrUdptrVnX923NjXV-T35zdHkxnZH,,,,,09-027-Baffled In Casino of Maya-SB_7_13_30-dt_09_03_22.mp3,hhrnsm,MP lectures,1. MP lectures,ybsqyons
105,,drive,1crrln87CJURqptBnKfujadTd3Hc_DCgF,,,,,SB - 31-10-2009 - 4.21.2-4.MP3,hhrnsm,MP lectures,1. MP lectures,tlnruirs
106,,drive,1cTLueR_bybpL7q9TYK2PhoLk9BZMyTV6,,,,,08-054-Compassion For Others Pleases Krishna-SB_7_9_41-dt_08_11_15.mp3,hhrnsm,MP lectures,1. MP lectures,vyjabeky
107,,drive,1CVCUwV1rmVSDleQGCONiZoRsaekmqdzH,,,,,00 - Determination Like Bird Chatak.mp3,hhrnsm,MP lectures,1. MP lectures,yevdixph
108,,drive,1dnLfN5w7yAf7k5kKKCwbF6J8zpVTHSQL,,,,,"11. Four Essential Qualities of a Vaisnava - I, 23.2.02 Pune.mp3",hhrnsm,MP lectures,1. MP lectures,iqifewlf
109,,drive,1eHGOVAfgrj_m1qY8y_ug13E0DWK4UKUE,,,,,05-089-Don't Run After the Twilight of Material Existence (Mumbai)-SB_3_20_38-dt_30_09_05.mp3,hhrnsm,MP lectures,1. MP lectures,hesshimm
110,,drive,1F1-gsWb9r9XOrStFZgw06VnIjp3K2NuN,,,,,03-052-Tolerating the Provoking Situation (Mumbai)-SF-dt_03_08_17.mp3,hhrnsm,MP lectures,1. MP lectures,zijpnttt
111,,drive,1FpxJgups6aLNSxP0espaiPh79baKc8Cu,,,,,(J) SB.3.13.1 26.09.98  Don't Do Things Mechanically - Mumba.mp3,hhrnsm,MP lectures,1. MP lectures,qsimoran
112,,drive,1fpXKClan9puAAZzZUGrWfQZcheo2Ju1g,,,,,1996-136_Association_Of_Devotees-_Only_Hope_SB-07_05_32_Mumbai_-_22-09-96_IDesireTree.mp3,hhrnsm,MP lectures,1. MP lectures,engkcgpd
113,,drive,1FXK5xqH5XtMq-Lj-dzqeZfBDbvBjqDC6,,,,,97-020-Never Offend Devotees (Mumbai)-SB_4_30_8-dt_97_01_23.mp3,hhrnsm,MP lectures,1. MP lectures,fqivvtnh
114,,drive,1g0gIiRR5lZL4FhE2QbLf5jFT2TD0qUmV,,,,,99-028-Devotee Must be Grateful (Mumbai)-SB_3_19_36-dt_99_06_18.mp3,hhrnsm,MP lectures,1. MP lectures,jicnuyto
115,,drive,1GXZEXi0IX8i_wgQvb5Yuh9LN8o4VvKWN,,,,,07-072-Humble Service Attitude Transforms Knowledge To Realisation-SB_7_2_42-dt_07_12_30.mp3,hhrnsm,MP lectures,1. MP lectures,tmmbdxvt
116,,drive,1iehSsPVpLZJV0KAlZg8dsvwZ1lmSNjc2,,,,,05-048-Co operation Among Devotees (Gita Nagari)-SB_4_22_32+FN-dt_05_04_13.mp3,hhrnsm,MP lectures,1. MP lectures,ghcklmou
117,,drive,1ihM1574-VqELsagEXVDDU-3Xd_WNcqWg,,,,,06-033-Prayers of A Pure Devotee Srila Prabhupada-SF-dt_06_08_20.mp3,hhrnsm,MP lectures,1. MP lectures,qtmdxwbx
118,,drive,1jZxvDm9CDnEoRiV_WbI6eM834cT3zWqj,,,,,"14. Four Essential Qualities of a Vaisnava - IV, 23.2.02 Pun.mp3",hhrnsm,MP lectures,1. MP lectures,hivfnzbc
119,,drive,1KBMmn1Av2aJykv2hwGmmOA6SO0dcIRRF,,,,,93-052-Need To Change Consciousness (Mumbai)-BG_7_5-dt_93_04_14.mp3,hhrnsm,MP lectures,1. MP lectures,xbixdsyy
120,,drive,1LJAhEUU-ipsCoOZJ_yFZzxvCmXZtrPEt,,,,,07-024-What it Takes to Go Back To Godhead (Mumbai)-SB_6_11_19-dt_07_03_25.mp3,hhrnsm,MP lectures,1. MP lectures,mppulaas
121,,drive,1M9K0EcbFP41MwO6qczmNBwFLrABDQtwP,,,,,90-024-Discipline (Mumbai)-BG_2_64-dt_90_02_19.mp3,hhrnsm,MP lectures,1. MP lectures,echgbxoo
122,,drive,1nraD_BgnGdca7HYL3_A84FRqDXFtBx1p,,,,,True parental love.mp3,hhrnsm,MP lectures,1. MP lectures,vyqlditb
123,,drive,1nW4TfElS9aaKh4yGrrRTMzqbkUHBxrxB,,,,,"12. Four Essential Qualities of a Vaisnava - II, 23.2.02 Pun.mp3",hhrnsm,MP lectures,1. MP lectures,jimannan
124,,drive,1nywvi9lyP9-WRlo58miHt6iK0d2UJOF6,,,,,08-026-Antidote Of Envy Is Appreciation-SB_07_04_34-dt_08_03_09.mp3,hhrnsm,MP lectures,1. MP lectures,yhcpdhrn
125,,drive,1OIqi92LSkqWAPdvJ0PH1GwqrDeHvMG-H,,,,,07-028-Service Attitude is the Foundation-SB_6_11_24-dt_07_04_02.mp3,hhrnsm,MP lectures,1. MP lectures,rjlztitb
126,,drive,1pNTm5BFDEWN0uj2StTgKfJBgGLExXKQD,,,,,02-116-Absorbing Our Mind BY Taking Responsibility (Mumbai)-SB_4_20_12-dt_02_11_30.mp3,hhrnsm,MP lectures,1. MP lectures,omyddpuy
127,,drive,1rkoaQspzdQ8SW3uRn_2afN-Yb6bAPY-A,,,,,1996-168_Precarious_Condition_Of_Indians_SB-02_05_15_Mumbai_-_03-11-96.mp3,hhrnsm,MP lectures,1. MP lectures,jkaernhx
128,,drive,1Sgb82-iSqELHg7_9h_Kx9uNAJEt9EIAu,,,,,"03) Do not become a prisoner of success, SB- 6.11.24-26_ HHRNS.mp3",hhrnsm,MP lectures,1. MP lectures,zveuvoaa
129,,drive,1tVNVrPnVFLrpg9If3myviWxGCSlqhgQj,,,,,08-012 Clear Intelligence Comes From Sincerity (SB-7_2_61)H H Radhanath Swami  08-01-13.MP3,hhrnsm,MP lectures,1. MP lectures,ttknzwib
130,,drive,1Vtoojaa82CMjKN5GEDkRoK8phdhds6JQ,,,,,"01 Krishna Doesn't Require Anything (SB-5_3_8, Mumbai)  01-01-2005.mp3",hhrnsm,MP lectures,1. MP lectures,giwmruxm
131,,drive,1w6COqO0mx2eudgaQsX392G7ELqUafsqy,,,,,07-050-Submissiveness An Essential Qualification-SB_7_1_4_5-dt_07_10_20.mp3,hhrnsm,MP lectures,1. MP lectures,gstvnlxm
132,,drive,1WMzMg_EiA7wmHN6dUhrvLDFAvsMkKU14,,,,,08-051-Accessing Mercy Through Humility-SB_7_9_26-dt_08_10_12.mp3,hhrnsm,MP lectures,1. MP lectures,cwxwrcxa
133,,drive,1xEG4rdm69oaX5vPrj-r5Ra4aEwIc_CoJ,,,,,09-051-Krishna Hears Intent Of Our Prayers (Mumbai)-SB_08_06_14-dt_09_11_08.mp3,hhrnsm,MP lectures,1. MP lectures,mmzecmvn
134,,drive,1Z2uKsLme0P2LqGzWQFdkEJBheztVVGbg,,,,,"11.Developing Proper Relationship Among Devotees. 25.08.01,.mp3",hhrnsm,MP lectures,1. MP lectures,dvrdwles
135,,drive,1_oXlw00jUs-InEFVVG477fBq77ZrOU7j,,,,,00 - Glorify Devotees Inspite Of Ou.mp3,hhrnsm,personal hearing,2. personal hearing,avkolbzr
136,,drive,1-GGkXwZPdczeISvJg-gRpMR_xWYG1Lwk,,,,,09-052-Making Truce For A Higher Cause (Mumbai)-SB_08_06_26_28-dt_09_11_14.mp3,hhrnsm,personal hearing,2. personal hearing,cdzyrjqp
137,,drive,1-idM5zKSX_3QpiQhXkx0FiaRP_FZbTvW,,,,,01. 27.04.97  Lecture Overcome Spiritual Laziness - Mumbai.mp3,hhrnsm,personal hearing,2. personal hearing,idyvpcub
138,,drive,10IIqluN4LH5Jji-3CIpMPLP-GHZOYmbl,,,,,08-035-Realisations On The Banks Of Ganges-SF-dt_08_04_13.mp3,hhrnsm,personal hearing,2. personal hearing,uhjyoojg
139,,drive,10KoQHg2NXaz9_Gr58zZoqY7kPw9OM_44,,,,,96-102-Forest Of Material Enjoyment -SB_5_14_19-dt_96_04_01.mp3,hhrnsm,personal hearing,2. personal hearing,pfnlbegf
140,,drive,14drpFdhlT1BBkAhy4YQr9sPnV1f0IP4B,,,,,Story of Radha Gopijanavallabh-02.mp3,hhrnsm,personal hearing,2. personal hearing,mhjwfuey
141,,drive,15UqHfSDY1nEQaqjzppG9DEDIPuBWVFNw,,,,,11. Teachings of Bhaktivinode Thakur - II.mp3,hhrnsm,personal hearing,2. personal hearing,pzynflld
142,,drive,17uzXSG5dxIs6YVIU-aop76D3Vz3wUtQ6,,,,,SB 4.2.1.1- Radhanath Swami - 30-10-2009.mp3,hhrnsm,personal hearing,2. personal hearing,rpdonept
143,,drive,188uKwqQ_797APjBHu8kqmtpv2YknZepA,,,,,97-020-Never Offend Devotees (Mumbai)-SB_4_30_8-dt_97_01_23.mp3,hhrnsm,personal hearing,2. personal hearing,wuvvqlsl
144,,drive,18tnlXL2mu9WyShPs0acQ3vNBI6QByuN-,,,,,11-01-09_SB-09-10-29_-_Parallels_Between_Vidura_Prahalada_And_Vibhisana_-_Radhanath_Swami_ISKCON_Chowpatty.mp3,hhrnsm,personal hearing,2. personal hearing,wlwqaqkb
145,,drive,1CNi-iYmHgfT2u4w-JwyI87VkQ20bbwTY,,,,,"10. Teachings of Bhaktivinode Thakur - I, 23.12.01 Mumbai.mp3",hhrnsm,personal hearing,2. personal hearing,pwieddbv
146,,drive,1EijgcS02FjQaLVpDkgUHjmGcqm5dNZBR,,,,,09-PU10-SB_5_13_23 Jada Bharat Extra Cautious In His DealingsHH RNS-YT_PU-dt_09_01_26.mp3,hhrnsm,personal hearing,2. personal hearing,egvkkuki
147,,drive,1ekexDA17WukPiomQNuP1k3NJMll8Ch-l,,,,,08 Real Problems Real Solutions- Message of Bhagavad Gita to Youth (HH Radhanath Swami) 10-12-05.mp3,hhrnsm,personal hearing,2. personal hearing,hhkpzmmm
148,,drive,1GICWd-4CmWbYOlimnlnNkZ3lGLD0IUqK,,,,,00 - Obey Your Spiritual Master.mp3,hhrnsm,personal hearing,2. personal hearing,igflnhdc
149,,drive,1hflPFJqBHGTBpbfB9SqUAfVPtrkcwSN8,,,,,07-045-Become Tolerant Like A Tree-SF-dt_07_10_07.mp3,hhrnsm,personal hearing,2. personal hearing,egcxcdpk
150,,drive,1iSJefVDRA8izD6bRRLA4A2IPV7OURRYL,,,,,06 Destroying the Ravana Within (HH Radhanath Swami) 15-10-05.MP3,hhrnsm,personal hearing,2. personal hearing,agsrwift
151,,drive,1k4EXUw1uVI4Os6lou3u5QFc6ngi3mhA-,,,,,07-067-No Substitute For Maturity & Realisation-SB_7_2_35-dt_07_12_22.mp3,hhrnsm,personal hearing,2. personal hearing,evkplgjq
152,,drive,1m-YLrXx3i2UaiHMYC1TD4gwb-V20dSFW,,,,,08_Responsibility_Lecture_London_-_August_2005_IDesireTree.mp3,hhrnsm,personal hearing,2. personal hearing,hfclnvjk
153,,drive,1rl05sSywzEAdTHnLE4aw-yaBUYLMyr6s,,,,,11-036-The Power Of Intentions 99th Prerna-PR-dt_11_11_19.MP3,hhrnsm,personal hearing,2. personal hearing,tsngradr
154,,drive,1vQNsAQx8co78nPRCpV4MZC9z82H6kldx,,,,,05-017-Detach Yourself from Sense Gratification (Mumbai)-SB_5_5_4-dt_05_02_05.mp3,hhrnsm,personal hearing,2. personal hearing,rjzytvtz
155,,drive,1x0XDXv3lNkSq25wYOlMQNPU1rPh0UzPG,,,,,00 - The Correct Anchorage.mp3,hhrnsm,personal hearing,2. personal hearing,xezmjbnu
156,,drive,1XIML86CjrGAlwnIeHEqn1ES_8wPTRxVq,,,,,06-029-Tune Your Mind to Krishna Channel-SF-dt_06_08_13.mp3,hhrnsm,personal hearing,2. personal hearing,lzutayok
157,,drive,1Xj22UAOcbL9hM-bJmbUYXaj86NvZbHhL,,,,,08 Glories of Bhakti Siddhanta Saraswati.mp3,hhrnsm,personal hearing,2. personal hearing,lvisoghj
158,,drive,1YWBx0uroLzYBXj9HS4uJXTVG0oADhLKA,,,,,09-PU08-SB_5_13_25 Mundane Philanthropy Versus Spiritual Compassion HH RNS-YT_PU-dt_09_01_25.mp3,hhrnsm,personal hearing,2. personal hearing,dhleobqb
159,,drive,13HxfmyGQ16yRUpN3qcSe0tN3eeJ5lDdQ,,,,,08-002-Art Of Mind Control (Mumbai)-SB_7_2_47-dt_08_01_05.mp3,hhrnsm,PM series,3. PM series,tfmnbqfn
160,,drive,15zmabWrCN3zUnbD1gNutUSy_Dq2Qjg7L,,,,,09-005-Surrendering To Krishna's Plan-SB_7_10_60_64-dt_09_01_11.mp3,hhrnsm,PM series,3. PM series,egacdbop
161,,drive,1avjpu6OOEXKfG7ZsG1jC199y4avBX36v,,,,,08-055-Why Be Servant Of The Servant-SB_7_9_42-08_11_16.mp3,hhrnsm,PM series,3. PM series,ekfxzltr
162,,drive,1FXTf1Rf-kOkSs-BbRbToPUBofiMeyBja,,,,,08-063-Following In The Footsteps Of Great Devotees-SB_7_10_03-dt_08_12_03.mp3,hhrnsm,PM series,3. PM series,vztiamal
163,,drive,1imkLEIHP8O058bA3xS9Jw0JHjP7z_aIw,,,,,07-060-Taking Care Of Details-SB_7_2_14-dt_07_12_09.mp3,hhrnsm,PM series,3. PM series,omgwulsx
164,,drive,1iunxqC5SI0eStfQgBU9eCVbQc8fGgJd5,,,,,08-066-Through Higher Taste Lose The Tendency To Criticize-SB_7_10_30_33-dt_08_12_28.mp3,hhrnsm,PM series,3. PM series,optxhwzf
165,,drive,1jy9-haOi3JXxvdHpfe6l7x6wsDO2Ru4j,,,,,08-004-Stop Dreaming Wake Up (Mumbai)-SB_7_2_48-dt_08_01_06.mp3,hhrnsm,PM series,3. PM series,nggzwgpv
166,,drive,1lXjiLDbWff8_fTe0DV_wcs6IhwPRMfw7,,,,,08-016-Love Me Love My Cows (Mumbai)-SB_7_3_13-dt_08_01_19.mp3,hhrnsm,PM series,3. PM series,kqzdalli
167,,drive,1mbH8FZk9cdZ6-1KmMnKLGIeh_5uzl_OS,,,,,07-062-SB Class by HH Radhanath Swami-SB_7_2_23-dt_07_12_15.mp3,hhrnsm,PM series,3. PM series,iiixdpmi
168,,drive,1oS8sk52i-60zVB2nHHUO7BO9vLnpU9aZ,,,,,08-051-Accessing Mercy Through Humility-SB_7_9_26-dt_08_10_12.mp3,hhrnsm,PM series,3. PM series,hvrevbnw
169,,drive,1pFTLHoRQ6RAFWFfF2OGRWVvKphYqneLT,,,,,07-032-Krishna Protects Meek & Humble-SB_7_9_8-dt_07_04_29.mp3,hhrnsm,PM series,3. PM series,vfmshoxd
170,,drive,1Pj7hDBCRjlBs7tccdrNNoP_5eGlLkjbG,,,,,08-025-Who Is A Vaisnava-SB_7_4_33-dt_08_03_08.mp3,hhrnsm,PM series,3. PM series,rjerdjls
171,,drive,1QE0unmQO_SdK2kJNENncxMtZ-8H0LQL0,,,,,08-050-Stop Chasing Illusory Happiness-SB_7_9_25-dt_08_10_11.mp3,hhrnsm,PM series,3. PM series,sijowdqz
172,,drive,1qwtCRBa68xXRW17CgQcRlfAD8wVRedLn,,,,,08-065-Fearlessness Comes By Total Surrender Unto Krishna-SB_7_10_27_29-dt_08_12_27.mp3,hhrnsm,PM series,3. PM series,rqlbmjbc
173,,drive,1r46wXW8d9C3bPQoZ8C5jw9po11ENj2vz,,,,,07-072-Humble Service Attitude Transforms Knowledge To Realisation-SB_7_2_42-dt_07_12_30.mp3,hhrnsm,PM series,3. PM series,ccrkorny
174,,drive,1SaU4_6MvET1xD7QYJDyfW73zDBisy8Zi,,,,,08-061-A True Love Story-SB_7_9_51-52-dt_08_11_26.mp3,hhrnsm,PM series,3. PM series,ivuukdtd
175,,drive,1txL3RWp_8lCZkzuRhV5dkAFnW5lrkzgB,,,,,08-009-Anomalies Of Modern Civilization (Mumbai)-SB_7_2_59_60-dt_08_01_12.mp3,hhrnsm,PM series,3. PM series,hkwpvmrp
176,,drive,1wSwOS54mQAkIVpLxruXKjdZhEsCdC1lC,,,,,09-004-Misery Is For Everyone-SB_7_10_52_59-dt_09_01_10.mp3,hhrnsm,PM series,3. PM series,olngrtvo
177,,drive,1Y61iXINuGTEzFn4m44GNIkTYUPkD8xTH,,,,,07-053-Time Factor Activates Modes Of Nature-SB_7_1_12-dt_07_10_28.mp3,hhrnsm,PM series,3. PM series,grcosygc
178,,drive,1Y6G0jzWrCwBUyWlzAB6NbAYKfLFRvw84,,,,,07-054-HHRNS-SB_7_1_44_46-dt_07_11_25.mp3,hhrnsm,PM series,3. PM series,kmjopgmq
179,,drive,1yytqFJ95InOtYKUdaW-IuNS89sKcNk3a,,,,,08-058-Extending Prahlada's Compassion-SB_7_9_49-dt_08_11_23.mp3,hhrnsm,PM series,3. PM series,ymbzsezx
180,,drive,13FVky-OZmX-EBjm7EhNb8QpL4FKodrO-,,,,,07-006 Final (Mumbai)-SB_6_8_16_17-dt_07_01_20.mp3,hhrnsm,VC series,4. VC series,lsdhrlia
181,,drive,13wl2t0DJfoC3HGegKlmnmvB3FwjAPHLn,,,,,07-004-Learn to Serve All Good or Bad (Mumbai)-SB_6_7_37_38-dt_07_01_14.mp3,hhrnsm,VC series,4. VC series,wfkjgraa
182,,drive,16MNMB95QhgkvH0xbIlJKaFUk94VzADEe,,,,,07-010-SB Class (Mumbai)-SB_6_9_38-dt_07_02_18.mp3,hhrnsm,VC series,4. VC series,yvfowati
183,,drive,16SBPZYfMBrpEhMKzO78kMBqe1Z2_G8Hf,,,,,07-037-Cultivate Absorbtion With Service Atitude-SB_6_14_6-dt_07_05_06.mp3,hhrnsm,VC series,4. VC series,ptjzacsk
184,,drive,1MMXOI-lij1XjWIQLd4QjQJfSNc54NfsA,,,,,07-007-SB Class (Mumbai)-SB_6_8_18-dt_07_01_21.mp3,hhrnsm,VC series,4. VC series,gdqqtcwo
185,,drive,1n03Dpm3YktC-inoHoJ8khT5JEdd7WxVn,,,,,07-022-We Must Cultivate Proper Desires(Mumbai)-SB_6_10_1-dt_07_03_11.mp3,hhrnsm,VC series,4. VC series,bsjkiyyp
186,,drive,1nfJRLTZTEvQhqDG6yc_oC9JTeKeFo9Oh,,,,,07-012-Krishna's Lotus Feet is the Real Shelter (Mumbai)-SB_6_9_43-dt_07_02_24.mp3,hhrnsm,VC series,4. VC series,xjrmvwbi
187,,drive,1NZamhoqSQhPDHOdwyns8ltyl1LI5vKwe,,,,,07-013-Miseries are Krishna's Wake Up Call (Mumbai)-SB_6_9_44-dt_07_02_25.mp3,hhrnsm,VC series,4. VC series,lurjqsic
188,,drive,1t5i3_AOS3DhGD1LGYt0c2YdWrefhhrsB,,,,,07-036-Charateristics of Pure Devotional Service-SB_6_14_5-dt_07_05_05.mp3,hhrnsm,VC series,4. VC series,vzormfro
189,,drive,1Wpxy5T8qzBT3qOfARzcAer0afy3ah7HQ,,,,,07-041-History Behind Vrtrasura's Greatness-SB_6_14_7-10-dt_07_05_09.mp3,hhrnsm,VC series,4. VC series,nantieav
190,,drive,1XXlIy_srlMqDsCBUqYvpNMLtsj2hetJs,,,,,07-001-Morning SB Class (Mumbai)-SB_6_7_24-dt_07_01_07.mp3,hhrnsm,VC series,4. VC series,bgmudcpu
191,,drive,1yLiqXoowtlUSKOm7Xek3-U8qXM4HET94,,,,,07-030-Do Not Mistreat Anyone-SB_6_14_1-dt_07_04_28.mp3,hhrnsm,VC series,4. VC series,jkyuecsb
192,,drive,14GgGWYPm9hC95atcjNKLEIvzK78WhxKH,,,,,09-034-Krishna Is Always Grateful-SB_08_03_01-dt_09_08_23.mp3,hhrnsm,GM series,5. GM series,tcfadxya
193,,drive,16r40WeXWqWALyuUOkGmmJROjbwIdE02W,,,,,09-038-Forgetting Krishna The Greatest Crisis-SB_08_03_06-dt_09_08_30.mp3,hhrnsm,GM series,5. GM series,wcrtzqpq
194,,drive,1AjsFdE9YTVrR7X7zx8zJ5oEFCp1SMhSF,,,,,09-045-Accept Reversals Gratefully Without Getting Disturbed (Mumbai)-SB_08_04_2_4-dt_09_09_27.mp3,hhrnsm,GM series,5. GM series,snbamhvh
195,,drive,1D9C_i-7eqTMKpG1eg1hskp0hdDXVQ5fB,,,,,"01 Maya Traps The Puffed Up (SB-5_13_23, Mumbai) 07-09-05.MP3",hhrnsm,GM series,5. GM series,qshafuci
196,,drive,1eem-Ip5Xrzk13I3Tk3iHGt0Is5lat5kc,,,,,09-053-Gratefully Adjusting In Any Situation (Cross Maidan Mumbai)-SF-dt_09_11_15.mp3,hhrnsm,GM series,5. GM series,fxdwbncb
197,,drive,1gii_nNbpsSkCtt9zqTuZb-9KpTm0HFsP,,,,,09-039-Loving Reciprocation Of Lord Caitanya-SF-dt_09_08_30.mp3,hhrnsm,GM series,5. GM series,juyqfhvk
198,,drive,1LSZl9EnNC0e3RdjwFAk-X9qhG6zutDYr,,,,,09-040-Faith Is The Substance Of Bhakti (Mumbai)-SB_08_03_12-dt_09_09_05.mp3,hhrnsm,GM series,5. GM series,wpomltom
199,,drive,1Mcx3N6X71cGo9DiqLJj0Ob8J3uioDZaz,,,,,09-037-Maya Won't Let Go Untill We Surrender-SB_08_03_05-dt_09_08_29.mp3,hhrnsm,GM series,5. GM series,stzbolzi
200,,drive,1o2ixYcP5AqOc2gU-T8ywNXmABNajYArz,,,,,09-046-Appreciate Devotees Presence In Our Life (Mumbai)-SF-dt_09_09_27.mp3,hhrnsm,GM series,5. GM series,uocxaqhw
201,,drive,1Tt9oj5q-IbvOoKCYHu7OF2LJ2SE5AFvZ,,,,,09-050-Serving The Lord Without Demanding (Mumbai)-SB_08_06_13-dt_09_11_07.mp3,hhrnsm,GM series,5. GM series,gdnzijqg
202,,drive,1ARjGMf4ZSv9da4laU7p0WEy91Amf4Yml,,,,,06.  Life and Teachings of Srila Sanatana das Goswami - I.mp3,hhrnsm,6 Goswamis of VV,6. 6 Goswamis of VV,tswicywp
203,,drive,1m2JK4jjRQxbf_fgPwSARFMGsX7fuDjEp,,,,,07. - Pastimes of Srila Rupa Goswami - II.mp3,hhrnsm,6 Goswamis of VV,6. 6 Goswamis of VV,amlzgfnr
204,,drive,1PkTyLtPfoueFwEMfMIWAZt2fGNGsYEmk,,,,,07.  Life and Teachings of Srila Sanatana das Goswami - II.mp3,hhrnsm,6 Goswamis of VV,6. 6 Goswamis of VV,rcnamjqy
205,,drive,1SLxzx_rJ8qQs-yjJziMfvAqn1x9ewMfX,,,,,00-006-Life of Srila Jiva Goswami (Mumbai)-GS_JG-dt_00_01_09.mp3,hhrnsm,6 Goswamis of VV,6. 6 Goswamis of VV,etuiveat
206,,drive,1T_i27d6gd6hhW65CS2fEo-M03P2EeE3b,,,,,02 - Pastimes of Srila Gopala Bhatt Goswami.mp3,hhrnsm,6 Goswamis of VV,6. 6 Goswamis of VV,hfsiaamc
207,,drive,1t3KxlIQXotwhiCt9Flm5084lMvJ7Tbol,,,,,01. - Pastimes of Srila Raghunath Bhatt Goswami.mp3,hhrnsm,6 Goswamis of VV,6. 6 Goswamis of VV,gzholqgd
208,,drive,1uHtMTQJynn7YSRFxPZ7kp1fdu6pkTIWI,,,,,01 - Pastimes of SrilaRaghunath Das Goswami.mp3,hhrnsm,6 Goswamis of VV,6. 6 Goswamis of VV,syeifkqp
209,,drive,1xyHxySz5JU18DqDKNGUE6Bx4w4F8YFtG,,,,,06. - Pastimes of Srila Rupa Goswami - I.mp3,hhrnsm,6 Goswamis of VV,6. 6 Goswamis of VV,liwhrnjz
210,,drive,1bAJjlYW9KkFnw0Yd13abJFkdLBqtcVj4,,,,,D Glories of Srila Madhavendra Puri - i.mp3,hhrnsm,Other acharyas,7. Other acharyas,szppbijr
211,,drive,1hKjRfxBlBSi2DhSO2tAF4_k1LnGaJudh,,,,,02. Glorification of Jaydev Goswami.mp3,hhrnsm,Other acharyas,7. Other acharyas,tkmwjhks
212,,drive,1hMJx1MmaxfJHfhaFF13t9BgItujSchXo,,,,,07)Glories of Srila Haridas Thakur - I.mp3,hhrnsm,Other acharyas,7. Other acharyas,hufnogrs
213,,drive,1JQ71RAiMY5holfUzul_G1hcecbHE1XFe,,,,,I Narottam Das Thakur - i.mp3,hhrnsm,Other acharyas,7. Other acharyas,fdqzuiwy
214,,drive,1ql5Z12_PXWyp6HIfCy2xPZw8XFW005ba,,,,,G Glories Of Srila Advaita Acarya - ii.mp3,hhrnsm,Other acharyas,7. Other acharyas,viuvfprh
215,,drive,1R_p8Q77RSNa-lFjBK798CWUsPKGVqrzn,,,,,K Viswanath Cakravarty Thakur.mp3,hhrnsm,Other acharyas,7. Other acharyas,vnewbuid
216,,drive,1rEd7TlmdLJMTS8RJH3CG5InNpNDdWeNQ,,,,,J Narottam Das Thakur - ii .mp3,hhrnsm,Other acharyas,7. Other acharyas,zuejehwv
217,,drive,1VCJ6ZQOfNs_DyLLT_43t_3LgVGVhKzMu,,,,,E Glories Of Srila Madhavendra Puri - ii.mp3,hhrnsm,Other acharyas,7. Other acharyas,puulvfpj
218,,drive,1w2UtbYHqBSP32dnDGODwAPc5eztE7lR6,,,,,11)Wonderful Qualities of Raghunandan.mp3,hhrnsm,Other acharyas,7. Other acharyas,cwsheeqx
219,,drive,1x3ysaZ2xy3pSj2TNdmDegJ8LfVYbsjGj,,,,,08)Glories of Srila Haridas Thakur - II.mp3,hhrnsm,Other acharyas,7. Other acharyas,jkvdmrrb
220,,drive,1xaSQ9-53nzmhulmF-8s2XV8p_5IfatVi,,,,,F Glories Of Srila Advaita Acarya - i.mp3,hhrnsm,Other acharyas,7. Other acharyas,ifojaydr
221,,drive,125p6MvSSD3xchomjZk66mn7zhv3bbvwd,,,,,RSP_MayapurVOICE_Does Krishan knows our Future 16-8-07.MP3,nak,Nakul group,1. Nakul group,unkipuoh
222,,drive,184fmBKZ_6BVlBV-ll7bz6qLUHAntIRdi,,,,,(J)    Unity is strength  Part 2.mp3,nak,Nakul group,1. Nakul group,dlelowzj
223,,drive,1FnHHb7A_OKjIJhhsO3Fo23Mxmwwf1lok,,,,,25.RSP_MayapurVOICE_Understanding the nature of God scientifically(SB 1.1.1)_5-7-07.MP3,nak,Nakul group,1. Nakul group,ibnbofrh
224,,drive,1H7Nkuq-uFmjbO2b5URw0ciXyLTrGsxV3,,,,,(H) BG.4.11 Performing the Service Sincerely and Attentively.mp3,nak,Nakul group,1. Nakul group,tgdlxndz
225,,drive,1k_g3dv-6C3_8Mm5B1J8bLVPxTMCCtgt2,,,,,(B)   Saints & Swindlers Part 2.mp3,nak,Nakul group,1. Nakul group,ayrdswrq
226,,drive,1L7IKDEq9_W2On_12YVySacY9F316gtHs,,,,,(G)   Art Of Self confidence Part 1.mp3,nak,Nakul group,1. Nakul group,omzznjpk
227,,drive,1NoHiR9SOtTgaIxjSpAVekARLJW1UcYBy,,,,,(I)    Unity is strength  Part 1.mp3,nak,Nakul group,1. Nakul group,dgttigqx
228,,drive,1oxOeCX6fmJoTL7VGXz505gKdWLy7bkXi,,,,,(H)   Art Of Self confidence Part 2.mp3,nak,Nakul group,1. Nakul group,dhxhojki
229,,drive,1pV1M-iyPmW3INo4fZhLFbZygOXfB3ecG,,,,,(A)   Saints & Swindlers  Part 1.mp3,nak,Nakul group,1. Nakul group,mjyvedow
230,,drive,1Q4hcn5hkUcOx-1S4uanA9bTo_xHRcFrz,,,,,10-05-19_SB 6.1._suffering comes not because of lack of comforts but not pleasing God._HG RSP.wav,nak,Nakul group,1. Nakul group,pbbattdn
231,,drive,1sAm2Gm9ucqsM30U-4vGWgcwt247eI3z7,,,,,08 Glories of Bhakti Siddhanta Saraswati.mp3,nak,Nakul group,1. Nakul group,yaxhvimq
232,,drive,1uhnnSk2K3vm43iR-Dhr63fLp8q-18a4Y,,,,,"01. Sept 9th 92, Greatness of Srila Bhaktivinode Thakur - Mumbai.mp3",nak,Nakul group,1. Nakul group,lzqkjqyz
233,,drive,1z96qrwwoVpBMwulUcF2yGv_zFKANnN0f,,,,,92-100-Greatness Of bhaktivinode Thakur (Mumbai)-VA_BVT-dt_92_09_09.mp3,nak,Nakul group,1. Nakul group,evyhlucr
234,,drive,1ZNWsSQLyJ91O5Lzg7lFxORY_OLzH6TA5,,,,,RSP_KGP_developing faith on shatras by revelant enquiries.mp3,nak,Nakul group,1. Nakul group,rmxxedxd
235,,drive,1zRQ05XWA96xujN_qTmuHsuWCFg7F6Q_3,,,,,05_RSP_GGD_how to overcome pleasure motive 20-1-06.mp3,nak,Nakul group,1. Nakul group,cspusmnv
236,701,mega,tDUQlKoD!5RCkDelMakjGBy-xITPFRFu3xWGhV0d14nAsq5Iot8Q,3,1,10,SB 3.1.10,SB 3.1.10 Sage Advice For Human Society 21May1973_at_DAL,sp,3rd canto,1. 3rd canto,nkllzsrx
237,702,mega,8CllmbSK!vhZJWH_bL7zgcWKXt7E5fp7LQFAPbJAI6oNBm9n5eS0,3,12,18,SB 3.12.18,SB 3.12.18 Stay Under Krishna's Protection 27Oct1975_at_NAI,sp,3rd canto,1. 3rd canto,rkigrvcy
238,703,mega,wb0RlbTJ!-NnIJDyJpXMPlwvp5gHkfh9vSfZhma6Y46Oai1jNhdo,3,12,19,SB 3.12.19,SB 3.12.19 Entering Krishna's Family 3Mar1975_at_DAL,sp,3rd canto,1. 3rd canto,ujgihojg
239,704,mega,QDkinabQ!ao5N1gF8ILj2zmujotIR1jNmvFgA-XYL4uqCk92dFn4,3,25,1,SB 3.25.1,"SB 3.25.01 Fire Is Fire, Gold Is Gold, --etc 1Nov1974_at_BOM",sp,3rd canto,1. 3rd canto,ykmnugjh
240,705,mega,BXElhayJ!VfzAn1nOcTiXFS4f8qe99hW7_KCoMv6Fk5oXsQWwAuM,3,25,2,SB 3.25.2,"SB 3.25.02 Eat, Drink, Be Merry--(For --etc 2Nov1974_at_BOM",sp,3rd canto,1. 3rd canto,aukbuvru
241,706,mega,wLkCnLTZ!ajMARAc_yusUpc5Tm64qovvYXqKTXZLebaTaUWOfnSY,3,25,3,SB 3.25.3,SB 3.25.03 Krishna Has Everything 3Nov1974_at_BOM,sp,3rd canto,1. 3rd canto,scyfolkn
242,707,mega,xHNVyIJC!7yJWRncAj0sBqIX8Rbm7dTuIAUJGUrr-Pdca_bfrsFw,3,25,4,SB 3.25.4,SB 3.25.04 Approach a Proper Guru 4Nov1974_at_BOM,sp,3rd canto,1. 3rd canto,sbjytgzw
243,708,mega,ga9k2QQT!MX5wMmkQCtqG1kLYhRRXz9RYJfk0VtrU3PR3qpkm74w,3,25,5,SB 3.25.5,SB 3.25.05 An 'Independent' Woman --etc 5Nov1974_at_BOM,sp,3rd canto,1. 3rd canto,bdmzkddd
244,709,mega,ZW8xQDTR!msewDbI28u-kzUxznrZI48ad1GhfRI5S5sT4YIiFIZk,3,25,7,SB 3.25.7,SB 3.25.07 Sensual Darkness-Spiritual --etc 7Nov1974_at_BOM,sp,3rd canto,1. 3rd canto,gowcfdjk
245,710,mega,FTNiyZ4K!ms_rnsXIp7Zmxtp29oP4NoaY3ynHh19D8XIRFHv7je4,3,25,8,SB 3.25.8,SB 3.25.08 This World Is Darkness 8Nov1974_at_BOM,sp,3rd canto,1. 3rd canto,hduibbud
246,711,mega,5aFHGLIZ!MEdaj9LCffnbzlwO-8_0R9lJg1-YKYycYhWhrHHYLGA,3,25,9,SB 3.25.9,SB 3.25.09 'Advanced' Equals Ass 9Nov1974_at_BOM,sp,3rd canto,1. 3rd canto,wmupiepi
247,712,mega,YK8WTbLZ!Ea_S5c6QVIj_B0do1SGmQxQWAXRD27AYfRoxWXGeZiY,3,25,10,SB 3.25.10,SB 3.25.10 Get Free from Attachments 10Nov1974_at_BOM,sp,3rd canto,1. 3rd canto,jehdwisi
248,713,mega,gfFFxQiT!VbW8gJLH0-q5p7yHUbH4ajpGKe0syI8EqV--pagd4kI,3,25,11,SB 3.25.11,SB 3.25.11 Even Expert Swimmers Struggle 11Nov1974_at_BOM,sp,3rd canto,1. 3rd canto,rrzpckjl
249,714,mega,9GsB1SLC!onSFlMHGh2DgpU8RKZRabW6R44b506i5rM22ug2EbKY,3,25,12,SB 3.25.12,SB 3.25.12 Village Talk-Vaikuntha Talk 12Nov1974_at_BOM,sp,3rd canto,1. 3rd canto,rpacojiz
250,715,mega,RCEUlJgL!MqtAJFOF76HVilAtgkQWQjUYBdmJg0yYC31osCsl7e0,3,25,13,SB 3.25.13,SB 3.25.13 Above Happiness and Distress 13Nov1974_at_BOM,sp,3rd canto,1. 3rd canto,rtojwher
251,716,mega,AGdQWTxC!PkmkH6vmJOVM1-9j6RumXQFLNMuyi1_HQJdfKCHk-eI,3,25,14,SB 3.25.14,SB 3.25.14 Relief from the Poison-Fire 14Nov1974_at_BOM,sp,3rd canto,1. 3rd canto,bnyimluu
252,717,mega,oGdFQRQT!vO78fYBJKCsZhqRGCb0rxPEO5XBfzAFJX4DDg79HXg0,3,25,15,SB 3.25.15,SB 3.25.15 Conditioned or Krishnized 15Nov1974_at_BOM,sp,3rd canto,1. 3rd canto,yvrdzzhq
253,718,mega,oOURkSRb!rsM9P75LGf5DD7LbZ0sSL9yBclZ761c2T6RZZVIKP_w,3,25,16,SB 3.25.16,SB 3.25.16 Mind Is Covered by Dirty Things 16Nov1974_at_BOM,sp,3rd canto,1. 3rd canto,hvlbsmte
254,719,mega,gClmUbQD!yYxyXr4bgGsqI7E6PQYJGu3rf3AWZtRBoYQtSf84Ya4,3,25,17,SB 3.25.17,SB 3.25.17 Seeing the Real Person 17Nov1974_at_BOM,sp,3rd canto,1. 3rd canto,ghvqutem
255,720,mega,FKcQCTLb!0tfnGTQQPpVbqcNdjcs7rhEO93UYoYgFFPA6CqFcShs,3,25,18,SB 3.25.18,SB 3.25.18 Nobody's Servant but Krishna's 18Nov1974_at_BOM,sp,3rd canto,1. 3rd canto,qnsaktyz
256,721,mega,1WcwVQZS!MvI5FUhmLVMFLO_HMN1mYRhHbR60o2wBcRE5ATLQfOk,3,25,19,SB 3.25.19,SB 3.25.19 One Kind of Devotion Will Do 19Nov1974_at_BOM,sp,3rd canto,1. 3rd canto,sgdtkbre
257,722,mega,ZKlWCIjT!Zcdm4D6_dtBdQmDLgyXmwCU7X5LZ0ulnz9zAc2KIf-c,3,25,20,SB 3.25.20,SB 3.25.20 How to Get Rid of This Body 20Nov1974_at_BOM,sp,3rd canto,1. 3rd canto,ivvmdovl
258,723,mega,5St32S4a!6Aj6t0SAzl_iWnCoHqElGb9q-pZRPRabR0S9cNfd_Sc,3,25,21,SB 3.25.21,SB 3.25.21 The Sadhu's Symptoms 21Nov1974_at_BOM,sp,3rd canto,1. 3rd canto,piyptqfv
259,724,mega,JeU1nYBT!zJtUTMe_260zc8YJOMz8CSuvMjzvKo7lmi79rYY6g2s,3,25,22,SB 3.25.22,SB 3.25.22 The Only Rescue 22Nov1974_at_BOM,sp,3rd canto,1. 3rd canto,crpojyvw
260,725,mega,wCklCISJ!2_5gXuB-YOezxmv7mx-eaNlGWtpAJHl1nI71THI02P0,3,25,23,SB 3.25.23,SB 3.25.23 Devotees Don't Feel Suffering 23Nov1974_at_BOM,sp,3rd canto,1. 3rd canto,gijvhsvw
261,726,mega,AeVFUI7Z!gA_Wtg4X9jEIQjff5codkX9VKCM-B943gDKIsu4qpXY,3,25,24,SB 3.25.24,SB 3.25.24 Association of Devotees 24Nov1974_at_BOM,sp,3rd canto,1. 3rd canto,jmwfanry
262,727,mega,MXdSAC4T!7wKiRMc1fmeiCVyzL-ltLxnpWkpaXWvUn3Mi-v2NVCU,3,25,25,SB 3.25.25,SB 3.25.25 Taste of Talks About Krishna 25Nov1974_at_BOM,sp,3rd canto,1. 3rd canto,vrgfdybb
263,728,mega,wWtC3b4S!PN6Fgi-35rVUeCVV0Q6KXkU2gsw4A_bdIOSY2ckQwKo,3,25,26,SB 3.25.26,SB 3.25.26 Krishna Gratification 26Nov1974_at_BOM,sp,3rd canto,1. 3rd canto,cwvofdoy
264,729,mega,hD0CgYxS!RZk7mJSOB7rETEFgklpILXM4vReTi6GNsGVczaFDdjw,3,25,27,SB 3.25.27,SB 3.25.27 World Is Under Misunderstanding 27Nov1974_at_BOM,sp,3rd canto,1. 3rd canto,cuaenybu
265,730,mega,EWdQhSCK!-dpoBoPYr1CyBXvTqX2yNddSlCbIziQRbOaV3SNlg5E,3,25,28,SB 3.25.28,SB 3.25.28 You Must Go to a Guru 28Nov1974_at_BOM,sp,3rd canto,1. 3rd canto,qatbyapb
266,731,mega,wKVBTCTA!P6-sd-fD249RKYqJy-FV5F6Dy4ZB87dhW_4M76BybLs,3,25,29,SB 3.25.29,SB 3.25.29 Understanding Highest Truth 29Nov1974_at_BOM,sp,3rd canto,1. 3rd canto,lqfgbljz
267,732,mega,leMWGAZR!ryvjYynr1dc1id6UcqmalYek2j2pmNVh5cZ-wemQO8w,3,25,30,SB 3.25.30,SB 3.25.30 Understanding-Standing Under 30Nov1974_at_BOM,sp,3rd canto,1. 3rd canto,qjqzqgha
268,733,mega,ZWtAGJqb!mtcREQQKH07RQ4RfBpHpVFs9YSU0iO8yrI3XblyPSmY,3,25,31,SB 3.25.31,SB 3.25.31 Hear About Krishna Submissively 1Dec1974_at_BOM,sp,3rd canto,1. 3rd canto,shmmatxo
269,734,mega,wHFTgT5Z!oZeVIfse2aM4OrzgcEtRFcalV_jQ2s80dO4YX0MpJcI,3,25,32,SB 3.25.32,SB 3.25.32 From Degradation to Devotion 2Dec1974_at_BOM,sp,3rd canto,1. 3rd canto,lmncgovt
270,735,mega,Eb11mRYQ!J8V-0gtYonpuI-4IJQNyyx2WJvVpJUv7bgwZRnVYTj0,3,25,33,SB 3.25.33,SB 3.25.33 How to Dissolve Our Suffering 3Dec1974_at_BOM,sp,3rd canto,1. 3rd canto,iemcrwsq
271,736,mega,AGsUTTIC!syo3GiXRSkzPXTd5ZuqcC4eVA79R5NxY3uAmQWVrzrQ,3,25,35,SB 3.25.35,SB 3.25.35 Eager to Talk with Krishna 4Dec1974_at_BOM,sp,3rd canto,1. 3rd canto,ytqvavda
272,737,mega,ADEDEKQZ!1fEnhFnSEZFVEcWVQ0QFa-MMGYDTqKIlgnVfcJu--XQ,3,25,36,SB 3.25.36,SB 3.25.36 The Lord Is Charming 5Dec1974_at_BOM,sp,3rd canto,1. 3rd canto,beklopve
273,738,mega,MG1iVL5T!EbPnHKZyb1xABs0wUWfxGclZPwchXOKcvBtKAVtXsQg,3,25,37,SB 3.25.37,SB 3.25.37 The Devotional Position 6Dec1974_at_BOM,sp,3rd canto,1. 3rd canto,zxiqsipu
274,739,mega,JfNj2YiJ!FfeoWhN9mpxe23wq4n_v55AZ_9AUWiYLbVVvKgO9YOg,3,25,38,SB 3.25.38,SB 3.25.38 Krishna's Service-Absolute Delight 7Dec1974_at_BOM,sp,3rd canto,1. 3rd canto,pqsprzpx
275,740,mega,ZCUWQYha!zTOArl47YiolHglzrNYMHY_78DC2FJXgn6XcOVLe0wk,3,25,39,SB 3.25.39,SB 3.25.39 Take Krishna As Everything 8Dec1974_at_BOM,sp,3rd canto,1. 3rd canto,bwkrotin
276,741,mega,0PFVjTwL!EpxGMThnwMqEvKv27xGD2GkCDPk6vUOMVrT-7YQi_Hk,3,25,41,SB 3.25.41,SB 3.25.41 Atheists...'Overbold' 9Dec1974_at_BOM,sp,3rd canto,1. 3rd canto,hvhjtncw
277,742,mega,cS8wHYZY!z5kY9yFH6MMnOtDbr9D2pfqnX3EfkF9uj9lM4kxCack,3,25,42,SB 3.25.42,SB 3.25.42 Don't Take Krishna Lightly 10Dec1974_at_BOM,sp,3rd canto,1. 3rd canto,vjaucmbm
278,743,mega,pKt1na6a!Pxw5PVGs9dg1nqRYnRwk_qf_7fnTfQJTEionXZzggQU,3,25,43,SB 3.25.43,SB 3.25.43 No More Fear 11Dec1974_at_BOM,sp,3rd canto,1. 3rd canto,eddjjoak
279,744,mega,petQXSIB!8FQ9ZLDqAfzDvaWnGuRze-_olW2pQBuJ95SKewdUNds,3,25,44,SB 3.25.44,SB 3.25.44 No Water in the Desert 12Dec1974_at_BOM,sp,3rd canto,1. 3rd canto,qxvevzqr
280,745,mega,ZLVmADYZ!Wjhxeyu1bRuOUCYOfREO0A2xmU8-P2qh8iXkbzCnyJM,3,26,1,SB 3.26.1,SB 3.26.01 Getting Uncontaminated 13Dec1974_at_BOM,sp,3rd canto,1. 3rd canto,yiztlpyz
281,746,mega,4S0RTBhK!47Gvtyp14yz1R5-Tg6EHwTxidSsyJaKv-WbZ7Jyugu0,3,26,2,SB 3.26.2,SB 3.26.02 You Belong to Spiritual World 14Dec1974_at_BOM,sp,3rd canto,1. 3rd canto,qxpecdld
282,747,mega,VTszlbga!sGc0AqysFwgA_-LY2cSpd8EHoYmgrjR0TAahHdQBHnc,3,26,3,SB 3.26.3,SB 3.26.03 Our Knowledge Is Not Knowledge 15Dec1974_at_BOM,sp,3rd canto,1. 3rd canto,ilhjeztd
283,748,mega,dKsBSACB!wafHIJXRUN-qEY7lg4HGdWhrMSR0W4VRZDgtOqmkEAs,3,26,4,SB 3.26.4,SB 3.26.04 The Truth Will Set You Free 16Dec1974_at_BOM,sp,3rd canto,1. 3rd canto,taiiwkyj
284,749,mega,AHsiCIjQ!Uxv0o1yN0B9kuwqD7kG4uvzwJzC97u6fwvObZEN75r8,3,26,5,SB 3.26.5,SB 3.26.05 Crazy Fellows and Colorful Life 17Dec1974_at_BOM,sp,3rd canto,1. 3rd canto,jhhwfjii
285,750,mega,xe9lkTAR!Svz0tt25_XM3dnGgGrtnkgXns97yGxMVzmGBhpzmkIs,3,26,6,SB 3.26.6,SB 3.26.06 Atheistic Arrogance 18Dec1974_at_BOM,sp,3rd canto,1. 3rd canto,iivfqnib
286,751,mega,kDMhASQK!QzO7jeEWMZsgxWn-ThfLHBrzkbQaCGrqrsolsp5Og04,3,26,7,SB 3.26.7,SB 3.26.07 Tangle of Material Happiness 19Dec1974_at_BOM,sp,3rd canto,1. 3rd canto,tzeglbyt
287,752,mega,9WdnGDyZ!DyrzdyJyfaxQN57j1XnX37qW8wXVVjgIrKMIs7aUjDU,3,26,8,SB 3.26.8,SB 3.26.08 The Enjoyer Mentality 20Dec1974_at_BOM,sp,3rd canto,1. 3rd canto,uiqsnpxr
288,753,mega,9Xc3nRza!wCXg1_lCug0d-nMCut5uP4t8oZcEnW7o5EMYfUOFRjA,3,26,9,SB 3.26.9,SB 3.26.09 Controlled Enjoyer 21Dec1974_at_BOM,sp,3rd canto,1. 3rd canto,lagtprrp
289,754,mega,5LMhXCzJ!-XKFx9cchQrjTlB6Y6iC0Ku-jQ7CxxsWn8HNoQI6ZnE,3,26,10,SB 3.26.10,SB 3.26.10 The World--not God--Is Impersonal 22Dec1974_at_BOM,sp,3rd canto,1. 3rd canto,elklilax
290,755,mega,NLF0HZoI!qPoxv3KcRvWzz5qcEm6W8KPtr751Z1VKOusun269fSs,3,26,11,SB 3.26.11,SB 3.26.11 Analyze the Trap...and Escape 23Dec1974_at_BOM,sp,3rd canto,1. 3rd canto,oyhlfquu
291,756,mega,pf9ymBaD!5eKIqoSqkhDYkrWazC640dTkTTWj2mZj-Bm43rxG_CI,3,26,15,SB 3.26.15,SB 3.26.15 Maya Is Krishna's 24Dec1974_at_BOM,sp,3rd canto,1. 3rd canto,tpjmdejf
292,757,mega,ZOsVFJ6Z!FnHSlZlsqBeHAJ8gas7_miQTcjsnN2qcRHsSo9Tho_Y,3,26,16,SB 3.26.16,SB 3.26.16 Fear--The Time Factor 25Dec1974_at_BOM,sp,3rd canto,1. 3rd canto,tmjipukf
293,758,mega,hHF1jaYa!zPvx_oEPytljbNGCtr3uo6g0D0CF-RmFx0qpdLUQuMM,3,26,17,SB 3.26.17,SB 3.26.17 Don't Remain Asleep 26Dec1974_at_BOM,sp,3rd canto,1. 3rd canto,fqjfdsuo
294,759,mega,dH0jiDRS!dMh7njJSdoxpSWR2H0p3p6x5NRaCVPHLm3InzEbKZng,3,26,18,SB 3.26.18,SB 3.26.18 United by Chanting and Dancing 27Dec1974_at_BOM,sp,3rd canto,1. 3rd canto,jgyxwzvt
295,760,mega,cTNAxRqJ!P5EeeHCijuK2RAHg3Npk1G0FmK5wxdmhu6chOMKcrT4,3,26,19,SB 3.26.19,SB 3.26.19 This Society Needs Some Brains 28Dec1974_at_BOM,sp,3rd canto,1. 3rd canto,nrqpvkhg
296,761,mega,pbsn1KjC!1RCyV_R0y4qreIVTItJeDRrCiZvaBdV0FAWfhaJdyLc,3,26,20,SB 3.26.20,SB 3.26.20 We're All Asleep 29Dec1974_at_BOM,sp,3rd canto,1. 3rd canto,ubtaukrv
297,762,mega,tGtFyYrK!uO7ztSeTS3rWBmSLW9XIBIyPRtczjzftU-1kGdphJjk,3,26,23,SB 3.26.23,SB 3.26.23 Slave vs. Revolting Mentality 1Jan1975_at_BOM,sp,3rd canto,1. 3rd canto,tluucpno
298,763,mega,VHcTCC6Z!92UsZ2NWVyzJkDWyAmm8kO_1jqSylI-2pnbSsCEn9vo,3,26,25,SB 3.26.25,SB 3.26.25 Secret of Satisfying Everyone 2Jan1975_at_BOM,sp,3rd canto,1. 3rd canto,sixaotdw
299,764,mega,EKlzkKaA!DZzcXkv93CztlB8Xwlmnx3XHN8hL686rQdbJOHntolw,3,26,26,SB 3.26.26,SB 3.26.26 Breaking Our Karmic Chains 3Jan1975_at_BOM,sp,3rd canto,1. 3rd canto,izdsirjy
300,765,mega,wSt1xJBa!tl9a9ztPy7YTb4miY9xcR9w2yHg4XuV17NaOJu_6ab0,3,26,27,SB 3.26.27,SB 3.26.27 Controlling the Uncontrollable 4Jan1975_at_BOM,sp,3rd canto,1. 3rd canto,zjbfqtpm
301,766,mega,gKMiAYwa!C8LaJkEjBUM896dUGxfCg6dfdyvIzGzagzC-3W989To,3,26,28,SB 3.26.28,SB 3.26.28 Centering the Central Sense 5Jan1975_at_BOM,sp,3rd canto,1. 3rd canto,uawpnfdo
302,767,mega,YbMFCDjY!v6t94aoDxUQSLGkYJJMuKg6rjzC_YXpPsR_1_dxu8zE,3,26,29,SB 3.26.29,SB 3.26.29 This Body Is Imitation 6Jan1975_at_BOM,sp,3rd canto,1. 3rd canto,mtpztnwj
303,768,mega,JbExXZRT!7caKgFIyz5aVBFv3SY8tVAqaOZX7euweOPqkWW_GcjI,3,26,30,SB 3.26.30,SB 3.26.30 We Should Have Firm Faith 7Jan1975_at_BOM,sp,3rd canto,1. 3rd canto,akjqjvuz
304,769,mega,tGNDwbqS!3wS11s22IXVALWT3YXH_U3XChgFzjubZ-OFreiCJ_UM,3,26,31,SB 3.26.31,SB 3.26.31 First-class Yoga 8Jan1975_at_BOM,sp,3rd canto,1. 3rd canto,ckvcxgfr
305,770,mega,JHNS1aAS!H0Po2XKMyHCnGcxUiVAyneqhT2fOWPzWdFeygq28-kY,3,26,32,SB 3.26.32,SB 3.26.32 Creation--Sound Explanation 9Jan1975_at_BOM,sp,3rd canto,1. 3rd canto,usljjkvp
306,771,mega,seMgxYKI!_qv_onqYBNR1Ef2vy3nucJAXo9Ug-hkHCelwFthRRHg,3,26,34,SB 3.26.34,SB 3.26.34 Passing Life's Final Examination 11Jan1975_at_BOM,sp,3rd canto,1. 3rd canto,fehbspgm
307,772,mega,he0kVAhQ!QzwBOf3niApAwc0QBMC3PbWjPR3XYwZCbok0nxlO5_w,3,26,35,SB 3.26.35,SB 3.26.35 Tolerance of Matter's Touch 12Jan1975_at_BOM,sp,3rd canto,1. 3rd canto,nzfstajw
308,773,mega,0WNiUaoR!To5YcyjeXbnlx33Gdj_Hs6OKA8zQc08zHx06P-2v4P8,3,26,39,SB 3.26.39,SB 3.26.39 Forest Fire of False Ego 14Jan1975_at_BOM,sp,3rd canto,1. 3rd canto,pjqnffrj
309,774,mega,QH9XSRzY!NcEV0kgt4KpJ93OXYX_MOrsNAgy2zSCeJ2C_Sm7QNoI,3,26,40,SB 3.26.40,SB 3.26.40 Study Krishna Analytically 15Jan1975_at_BOM,sp,3rd canto,1. 3rd canto,jzenezqp
310,775,mega,oX8WCCCb!Ri3B5HMDgHzRlGAB9AUvEZBcnVDV-A9AFCYPe6LLFv0,3,26,41,SB 3.26.41,SB 3.26.41 Working of Universal Machinery 16Jan1975_at_BOM,sp,3rd canto,1. 3rd canto,xkemxytk
311,776,mega,wXVjmA7K!fVFfFCbT6QDM5Br0bQEppGcfdsxojA2UJa6Fl7By5hk,3,26,42,SB 3.26.42,SB 3.26.42 Universal Mixer & Taste Maker 17Jan1975_at_BOM,sp,3rd canto,1. 3rd canto,tmzcvnpv
312,777,mega,sb1ARAAI!TgG78fm2oCTg5VQsvy1jyhN3D9gEZIAq3YJu698Pkq8,3,26,43,SB 3.26.43,SB 3.26.43 Refreshment for Parched Mind 18Jan1975_at_BOM,sp,3rd canto,1. 3rd canto,mpeqsrco
313,778,mega,0WMhmLxK!m9bZpOEJxxgnd9G65PEDu70ZaM-jtfOSN0ai0hwFdls,3,26,44,SB 3.26.44,SB 3.26.44 Pure Love 19Jan1975_at_BOM,sp,3rd canto,1. 3rd canto,vdlclxsw
314,779,mega,RX1iiTba!5Kyq7T5YZL_7W0Brr9kUmNW6LDCwXzBbErb_ExmjkKw,3,26,45,SB 3.26.45,SB 3.26.45 Transcendental Transaction 20Jan1975_at_BOM,sp,3rd canto,1. 3rd canto,ntvejyzl
315,780,mega,0fsxSZBB!3p_CpEbzbXeLMDrtdPGhiLLLdhvGdi6jgpIosW7AIQk,3,26,46,SB 3.26.46,SB 3.26.46 Putting Krishna in His Place 21Jan1975_at_BOM,sp,3rd canto,1. 3rd canto,xhuneehl
316,781,mega,YetQxTDJ!xuYvXZj-JIqigigtXtmh-PyOAqXAUW8fD7LZBpld6aM,3,26,47,SB 3.26.47,SB 3.26.47 Dead Sound--Living Sound 22Jan1975_at_BOM,sp,3rd canto,1. 3rd canto,hhyudfae
317,782,mega,tO8UFa5J!xRm2X7FZp9ftBbt2CbIjrDe7X2xkMG_ZIiQf24hhMAM,3,28,1,SB 3.28.1,SB 3.28.01 The Path to Permanence 1Jun1975_at_HON,sp,3rd canto,1. 3rd canto,uqxrdrql
318,783,mega,xftlHLIS!_SdHNaxUgV-3n7oZEJXdb93txa_XlMCd5MiKY1CUaBs,3,28,17,SB 3.28.17,SB 3.28.17 I Must Love Krishna 26Oct1975_at_NAI,sp,3rd canto,1. 3rd canto,jembryjb
319,784,mega,AGESSJxK!N50faJ3TyRy1Of4QgqC3dS-CeBGbspgwFR3W0ncHgPA,3,28,19,SB 3.28.19,SB 3.28.19 Krishna's Impression in Heart 29Oct1975_at_NAI,sp,3rd canto,1. 3rd canto,nlggjbto
320,785,mega,hSUHWJaL!157_WOPTuNAVeckCVjwJUxhzlJW652XaFSGh-E3rIi4,3,28,20,SB 3.28.20,SB 3.28.20 A Most Moving 'Statue' 30Oct1975_at_NAI,sp,3rd canto,1. 3rd canto,fuhbovwy
321,786,mega,tL9BETaC!4WjkNJcs1Nu3Rh6InApiA5pgYGHnBu_tB5h6ljELLNw,3,28,21,SB 3.28.21,SB 3.28.21 Why Pay Electric --etc 1Nov1975_at_NAI,sp,3rd canto,1. 3rd canto,pcpcotpf
322,837,mega,UK0HEBiC!BRwT21eM1zgD8TPnyI2E_ZRaz2PKYX9j4_oqVfdmJmg,6,1,1,SB 6.1.1,SB 6.1.01 Saving the Independent from Hell 8Jun1975_at_HAW,sp,story of Ajamila,2. story of Ajamila,qhkfhcxk
323,838,mega,dTEQgbiA!7F_E0aWjGFzer6HzCbZNHiwU9VEtzNOeQVlf5_p2-ws,6,1,1,SB 6.1.1,SB 6.1.01 What to Do About Death 20May1975_at_MEL,sp,story of Ajamila,2. story of Ajamila,otzquuxb
324,839,mega,lPdxBSyS!A99iH4jpibnYehdvCjcF5ZcjNXq2BbnEr5F-Ya-KtkI,6,1,1,SB 6.1.1,SB 6.1.01 Serve the Divine or Designations 21May1975_at_MEL,sp,story of Ajamila,2. story of Ajamila,ryrkaawo
325,840,mega,oLk3BZIS!jR5vSliDE-OPSvOM-KtLWbivcHjbwJgU7ORRPckMKAc,6,1,1,SB 6.1.1,SB 6.1.01 Hog's Life- Eat Any Damned Food 22May1975_at_MEL,sp,story of Ajamila,2. story of Ajamila,bhvodkie
326,841,mega,QH8DxbhT!_mK7XzwTCdo1BHGc2AYEbyt9hQRvceGuX4m2yVntFa8,6,1,2,SB 6.1.2,SB 6.1.02 Know Krishna...or No Way Out 6May1976_at_HON,sp,story of Ajamila,2. story of Ajamila,ultruurr
327,842,mega,sSMzDZJI!qQFzDyUtcVhMs32GKorJZ4_lPfF0dCgzJM-r-UziBRU,6,1,6,SB 6.1.6,SB 6.1.06 Saving the Independent from Independent Hell 8Jun1975_at_HON,sp,story of Ajamila,2. story of Ajamila,yxiszvmk
328,843,mega,9ftB3LBZ!HAOQvqVfzzjbWT2stqCt4GHy4LqfSbsD60Pfgf55BFM,6,1,6,SB 6.1.6,SB 6.1.06 Saved from Severe Punishment 7May1976_at_HON,sp,story of Ajamila,2. story of Ajamila,bqyrszia
329,844,mega,0PFDyaqK!SVrCOTcdTzTpr21ZjtnjYv9lxyXhCmKMAB73uqbV5xM,6,1,6,SB 6.1.6,SB 6.1.06 Cleansing Away Our Criminality 5Jan1976_at_NEL,sp,story of Ajamila,2. story of Ajamila,iaplmbtn
330,845,mega,IOEFATrY!gl1AMGQoYUeHUIzeA4_VQt5eqJm38rdZtFDXYXOfvqs,6,1,7,SB 6.1.7,SB 6.1.07 The Perfect Sympathizer 15Jun1975_at_HON,sp,story of Ajamila,2. story of Ajamila,noyycwpn
331,846,mega,5G8mhIza!YPxECJZJG5rAC-lVrtZToHaCX56XaGd_Jv-G6Uu9q9c,6,1,7,SB 6.1.7,SB 6.1.07 Why Are There Varieties of Life 8May1976_at_HON,sp,story of Ajamila,2. story of Ajamila,zhetjtrz
332,847,mega,wbFThSbT!gNJ6nU3ZR7jHpWYtj90ue_k4rDBkv4tatHVVcmp0SO0,6,1,8,SB 6.1.8,SB 6.1.08 The Only Hope 9May1976_at_HON,sp,story of Ajamila,2. story of Ajamila,abryyktx
333,848,mega,4LMTzZYb!2UWTzv1l_KKhaDZDcnCJGl8U91sNYM5eYiCNJM6V3II,6,1,8,SB 6.1.8,SB 6.1.08 A Vaisnavas Concern 21Jun1975_at_LA,sp,story of Ajamila,2. story of Ajamila,wvmxhdzj
334,849,mega,wCFHxAob!wCFRbCN31RMSG6Ba1aESxTRL7TOGrrExQdS92h3PVE4,6,1,8,SB 6.1.8,SB 6.1.08 Krishna Is Everyone's-Therefore I Have Become Everyones 22Jul1971_at_NY,sp,story of Ajamila,2. story of Ajamila,rrqvuqag
335,850,mega,ACkkkYqD!iFzpylBSiYxJV8sNJO2ugPSap_fq_WnS5f-xAFSdfV0,6,1,9,SB 6.1.9,SB 6.1.09 I Don't Wish to Die --Can You Help 10May1976_at_HON,sp,story of Ajamila,2. story of Ajamila,yrijzcuk
336,851,mega,kWNUQbCb!finda1aB15Q59hebHy5wOJc62Q1jVm0SrS-PxBqFjj8,6,1,9,SB 6.1.9,SB 6.1.09 Devotional Desire 7Jan1976_at_NEL,sp,story of Ajamila,2. story of Ajamila,ahrfwtrb
337,852,mega,JKkR2CrS!x1FFPDHio-A-H6xVfR_IlCWsRdQpaSFiAbmVCQpTJz8,6,1,9,SB 6.1.9,SB 6.1.09 Heinous Proposals - Heinous Habits 24Jul1971_at_NY,sp,story of Ajamila,2. story of Ajamila,uthjtiwt
338,853,mega,dOlhFDRS!u6REzSaNhBk9Xo2jx9dreLN0RXPf0CcoTydY4WQFTfE,6,1,10,SB 6.1.10,SB 6.1.10 There Is No Culture & Education 11May1976_at_HON,sp,story of Ajamila,2. story of Ajamila,tbvvjvot
339,854,mega,MC8EkAgL!3oKhlEczFfSLYYl0icdrw4p6BRhBFQaoB53zqL7L4LI,6,1,10,SB 6.1.10,SB 6.1.10 No Heart Free of Dirt 23Jun1975_at_LA,sp,story of Ajamila,2. story of Ajamila,luxtyqfn
340,855,mega,0LsHAIjI!Isg-gNL9nscHs5Sh8tD-SmcsA8UxtUU13xwCZrEjapQ,6,1,11,SB 6.1.11,SB 6.1.11 Real Reform School 12May1976_at_HON,sp,story of Ajamila,2. story of Ajamila,fihnkeuv
341,856,mega,NC92wCKZ!bSH-2rYBy1apPXSSvAeJx5_XF2F7J_Jux1Lge7KS11k,6,1,11,SB 6.1.11,SB 6.1.11 Karma and Again-and-Again Cures 15Jul1971_at_NY,sp,story of Ajamila,2. story of Ajamila,tiismvda
342,857,mega,cS1gwQ5a!g4uaI5j_Pfms6MtQoYRGB2ilZjUCLfNQ9UJY90XSDx0,6,1,12,SB 6.1.12,SB 6.1.12 How Can One Become Civilized 13May1976_at_HON,sp,story of Ajamila,2. story of Ajamila,lfrtyayc
343,858,mega,EPMzxJZS!qFfAudxrGmmZgz3lo_RzjuJNjG6ePmbgr1sVZqXJxsg,6,1,12,SB 6.1.12,SB 6.1.12 Vedic Culture vs. Industrialism 9Jan1970_at_LA,sp,story of Ajamila,2. story of Ajamila,bdzczuzu
344,859,mega,tPEGUSzK!E0Bj0jCLGAxKH2m3tpu8wYn5AcUAuOI5ZumCbBjQ5Xs,6,1,12,SB 6.1.12,SB 6.1.12 Repent Sinners--How 25Jun1975_at_LA,sp,story of Ajamila,2. story of Ajamila,hhfwkfkq
345,860,mega,oHkl0D6B!7p7NUUCoCwr44zG5KGAzAGLuySzHoBLQ7LqUDJFCNu8,6,1,13,SB 6.1.13,SB 6.1.13 God is not a Petty Thing 26Jun1975_at_HON,sp,story of Ajamila,2. story of Ajamila,epykggza
346,861,mega,tblijCqR!feNmDwDzSnAyiFqRVeDJPt9nYS8_j7ueJF4Je1Zu_RQ,6,1,13,SB 6.1.13_14,SB 6.1.13_14 Sex and the Sober 14May1976_at_HON,sp,story of Ajamila,2. story of Ajamila,qmtbgfug
347,862,mega,lSlAgJpZ!pU8a8i1kdCKt0ri657mbnjudwUjY70O3-NWyI7MA9WM,6,1,15,SB 6.1.15,SB 6.1.15 The Whole Material World is --etc 28Jun1975_at_DEN,sp,story of Ajamila,2. story of Ajamila,edaomtdu
348,863,mega,MSNj0ByY!9tuB0B8hMSg6mbLgs5STOIwSFalrGiygQujLCiF0V5w,6,1,15,SB 6.1.15,SB 6.1.15 Understand Krishna-Be Liberated 3Aug1971_at_LON,sp,story of Ajamila,2. story of Ajamila,oebjyxwv
349,864,mega,Qf9gmCbI!oWr-odTU9Hx2uq7EluhNIO4FNMmIdqhdNqSseHE8JSU,6,1,15,SB 6.1.15,SB 6.1.15 Liberation by Pure Understanding 8Jan1976_at_NEL,sp,story of Ajamila,2. story of Ajamila,uszdepec
350,865,mega,dW0yibzQ!kJ9WvfbmPkR_JZEpZG716yHTf9TYDENSTz-tjvJZKPk,6,1,16,SB 6.1.16,SB 6.1.16 Mercy of the Spiritual Master 16May1976_at_HON,sp,story of Ajamila,2. story of Ajamila,lyvoeqlu
351,866,mega,tC9zHaJT!vXh8t-lyN3BxIg5YNkj66LTTpc_cUkbmwg_nNcm-INw,6,1,17,SB 6.1.17,SB 6.1.17 Who Is a True Christian 30Jun1975_at_DEN,sp,story of Ajamila,2. story of Ajamila,mzdmxlem
352,867,mega,hDNwjRzJ!xK8iU6S0S6wdgWkYtcm1avZCZc3KMXdqj_PeqFRzT7w,6,1,17,SB 6.1.17,SB 6.1.17 Happiness--Dance With Krishna 17Jun1975_at_HON,sp,story of Ajamila,2. story of Ajamila,pxqsysxz
353,868,mega,8fdQBLxT!mBTfaeBktoHUB2T3EsLpK6ZtGxUa0Eo2Xc209GgOUY0,6,1,18,SB 6.1.18,SB 6.1.18 Prasadam Krishna's --etc 1Jul1975_at_DEN,sp,story of Ajamila,2. story of Ajamila,ppclpdwd
354,869,mega,UTlGCJiI!Viu0NJJSA5BQgKFp9beblRU5aDQ7UMAyAfleWpR4p2U,6,1,18,SB 6.1.18,SB 6.1.18 Everything Here Is Punishment 18May1976_at_HON,sp,story of Ajamila,2. story of Ajamila,bqkwlglb
355,870,mega,1DV1xKSQ!ATVvKYsn53jIbdJmNsigfSJ1Jel4gLB8TLZMtsIugsY,6,1,19,SB 6.1.19,SB 6.1.19 Pure Profit 1Jul1975_at_DEN,sp,story of Ajamila,2. story of Ajamila,sshvypjh
356,871,mega,FT8DRZ7I!k06PV-lsAUPTROG3Ji_1AYKI6FXtRnhCiPnZT_cD-Ak,6,1,19,SB 6.1.19,SB 6.1.19 Barking Like a Dog 19May1976_at_HON,sp,story of Ajamila,2. story of Ajamila,nhsrftjp
357,872,mega,pXcnHbZT!bHq0ZaGlp_MiUudPZWCBJQqTB7TrV6N0rovE_4mARO8,6,1,20,SB 6.1.20,SB 6.1.20 Crime-Why and What to Do 4Jul1975_at_CHI,sp,story of Ajamila,2. story of Ajamila,efwulhhq
358,873,mega,IGEW3a6a!RZbwaYQq-qiwPSMbMYcZK6A9IrPJabqPyEG8Oy57vDQ,6,1,20,SB 6.1.20,SB 6.1.20 Wasting Human Form of Life 20May1976_at_HON,sp,story of Ajamila,2. story of Ajamila,jzejbddq
359,874,mega,Na8g1ZZT!YsGGr9vFz7c3Gc3U3QHNLbfJ-1_x3JFiMD5_rzvbX3Q,6,1,21,SB 6.1.21,SB 6.1.21 How to Prevent Crime 5Jul1975_at_CHI,sp,story of Ajamila,2. story of Ajamila,oktlktjn
360,875,mega,4SMRRKLJ!8KTV-0hWsSEb4fdJ1oscR5DtsvA0orNGyI1_MkUDgz4,6,1,21,SB 6.1.21,SB 6.1.21 True Guru 21May1976_at_HON,sp,story of Ajamila,2. story of Ajamila,nrpsprkm
361,876,mega,RSVDlKwB!I72uET6W3C7lLp33o5BQ5NDkt3NfzwE3GjIa8WWP67s,6,1,21,SB 6.1.21,SB 6.1.21 Purity Made Easy 17Jan1970_at_LA,sp,story of Ajamila,2. story of Ajamila,eazdzcbk
362,877,mega,lakwgTrD!JzXMi48JZTZzuUKcFpAAmzq2rsFFyD-jT1alyId0InI,6,1,22,SB 6.1.22,SB 6.1.22 Fifth Class Education... --etc 6Jul1975_at_CHI,sp,story of Ajamila,2. story of Ajamila,hwoygbhf
363,878,mega,5C9VCCiY!7Zoe57Xh8lYXkal-WWgBxv7FTlIviB6kEiU-Vekw3go,6,1,22,SB 6.1.22,SB 6.1.22 Dancing-dog Guru Will Not Help 22May1976_at_HON,sp,story of Ajamila,2. story of Ajamila,hphjydio
364,879,mega,1SsySKLa!mmP1KJHHj3EJckTpEEjrWgTH-ePl9N8Lkvm5mOGU5Sc,6,1,23,SB 6.1.23,SB 6.1.23 Time and Tide Wait for No Man 7Jul1975_at_CHI,sp,story of Ajamila,2. story of Ajamila,ilfmsglh
365,880,mega,VOkRyb6Y!3aT4l7a-28tuHK1jIHG2gV1EleuF4tJlZLAr_I1ThrU,6,1,23,SB 6.1.23,SB 6.1.23 Don't Be a Hypocrite 23May1976_at_HON,sp,story of Ajamila,2. story of Ajamila,fjhgfqrz
366,881,mega,kTsSVCIZ!bcsH4x4psZ0049eZUYFnP1u0Qx0puKtBf1nE9MmWNC0,6,1,24,SB 6.1.24,SB 6.1.24 Family Life 8Jul1975_at_CHI,sp,story of Ajamila,2. story of Ajamila,iidgjrav
367,882,mega,lDVHULbB!_Y4c3Vgr2sE9GuiRlIy-pvkxl6J8mJdZQ6zHeI2yIgw,6,1,24,SB 6.1.24,SB 6.1.24 Trade the Dark Well for VRN Forest 24May1976_at_HON,sp,story of Ajamila,2. story of Ajamila,qrutlaaz
368,883,mega,NbVCFTCY!UbPRuhZiDPLSVbWNr1B-r4tP_C8UYJoN46dgpIAbAjk,6,1,25,SB 6.1.25,SB 6.1.25 Attachment-To Shadows 9Jul1975_at_CHI,sp,story of Ajamila,2. story of Ajamila,jhpgcesb
369,884,mega,NHUlHAzS!yL2Jr52jnIHkE420hbT5mO45RQUdYHZD5XjAndMk7Jg,6,1,25,SB 6.1.25,SB 6.1.25 Hiranyakasipu vs. Prahlada 25May1976_at_HON,sp,story of Ajamila,2. story of Ajamila,slltzqcl
370,885,mega,MLNViQLK!pEejDeuEye4XsZpPb5YPBbdBJvOv1GQ5PTeruk0zNio,6,1,26,SB 6.1.26,SB 6.1.26 An Ass's Affection 11Jul1975_at_CHI,sp,story of Ajamila,2. story of Ajamila,pmlvpuja
371,886,mega,JHlgiLKL!Q23xuIVDgATgoBl9pN0iiIay3TLPaYKHiF7f4oLcT5I,6,1,26,SB 6.1.26,SB 6.1.26 Krishna's Sense Gratification 26May1976_at_HON,sp,story of Ajamila,2. story of Ajamila,bwdqmage
372,887,mega,EKlmBCQA!d8fjx4lOqGVGK0hClqVDFVM0B6K7scWfnnPK29GIhp8,6,1,27,SB 6.1.27,SB 6.1.27 God Is Not Dead-You Are Dead 27May1976_at_HON,sp,story of Ajamila,2. story of Ajamila,urynleze
373,888,mega,hD1VlJSb!G5O_XTUqmDKKxhxbDkjEQVrdb7Cm75Kvr3j140xXG2Q,6,1,27,SB 6.1.27,SB 6.1.27 Asses All 12Jul1975_at_PHI,sp,story of Ajamila,2. story of Ajamila,vblpmhjs
374,889,mega,9W8BzYxA!-74ftwFVWuS-_iNKRx1mZUpayP9UJcPOejWHdcbJwYU,6,1,28,SB 6.1.28,SB 6.1.28 Killing the Soul 28May1976_at_HON,sp,story of Ajamila,2. story of Ajamila,adnpkhba
375,890,mega,8LEHGTiA!S7DkvSUsm_R-VaAxp3PvLqC2_HzfqjCX5Nr0gb9y0GI,6,1,28,SB 6.1.28,SB 6.1.28 Krishna Is Very Tricky 13Jul1975_at_PHI,sp,story of Ajamila,2. story of Ajamila,hbmxamyc
376,891,mega,UaVFlLbR!NBBpCNyhMyFK9FYu8jT8n32tAZjLzfBwPw4-9AtOTMY,6,1,30,SB 6.1.30,SB 6.1.30 He's Chanting Narayana... Take Him 29May1976_at_HON,sp,story of Ajamila,2. story of Ajamila,znwkxkcu
377,892,mega,ELdTGArZ!qDukFTA1095X5QCdsdPFhGj9ZH96GBPjyqFFOcHNMFo,6,1,30,SB 6.1.30,SB 6.1.30 Stop Wasting Your Time --etc 14Jul1975_at_PHI,sp,story of Ajamila,2. story of Ajamila,nzxoydgz
378,893,mega,9bdjwToI!AE3y0PyXs_BqvaE0Es8boAnlQxmW-XcbYRdeyytfqfo,6,1,31,SB 6.1.31,"SB 6.1.31 Krishna, Kindly Marry Us 30May1976_at_HON",sp,story of Ajamila,2. story of Ajamila,gglpvngk
379,894,mega,8WFXCYgC!GgyLJa-vJQTYRJTvEPa9sB2m9_hcPST7qygXFCibbqk,6,1,31,SB 6.1.31,"SB 6.1.31 Doom, Boon and Deliverance 16Jul1975_at_SF",sp,story of Ajamila,2. story of Ajamila,gyazozlh
380,895,mega,NHc1WTAS!O7pPVBC9y6bYg6ZLQbO3nTqkHOFod8s3XgbSTUidFPA,6,1,32,SB 6.1.32,SB 6.1.32 Everything working --etc 31May1976_at_HON,sp,story of Ajamila,2. story of Ajamila,zwekcklr
381,896,mega,0D91RRrZ!xe9HlmAi4Hf-8I3u9eMHEP3uhsLuctDpPmA4o_nyxGo,6,1,32,SB 6.1.32,SB 6.1.32 Universal Government 17Jul1975_at_SF,sp,story of Ajamila,2. story of Ajamila,rwaeswgp
382,897,mega,VadWBTKR!cu1mzV9OAKvSBa4tx_T_F2VmgFSHHvLOB_5THJPa1oI,6,1,33,SB 6.1.33,SB 6.1.33 No Sex in the Spiritual World 1Jun1976_at_HON,sp,story of Ajamila,2. story of Ajamila,kyphgeow
383,898,mega,FD9W1Q7L!emjI-iO2sJhXIQg9dNs0mhEQklNNDI1RU3xI40PJsg4,6,1,33,SB 6.1.33,SB 6.1.33 Catching the Tail of a Dog 18Jul1975_at_SF,sp,story of Ajamila,2. story of Ajamila,imicnegu
384,899,mega,FL9AySrA!Jltceyw_x_6yP5A0vt4mJBdTU-7-TucjDkDgRy97Nag,6,1,37,SB 6.1.37,SB 6.1.37 Follow What Krishna Says 3Jun1976_at_LA,sp,story of Ajamila,2. story of Ajamila,wcpgtlio
385,900,mega,Re1QEb4Y!nhR0O9mQ5-VxKxfz90VRZbIuirH_vFyQ5wB08EGZCyg,6,1,37,SB 6.1.37,SB 6.1.37 Irreligious Religion 19Jul1975_at_SF,sp,story of Ajamila,2. story of Ajamila,ccvljuql
386,901,mega,YbcwEALT!aOK87RuPgM_rcWqCfS40yV1AJDCDpeMu-UOqpBhfhl0,6,1,38,SB 6.1.38,SB 6.1.38 Jeweled Snakes 4Jun1976_at_LA,sp,story of Ajamila,2. story of Ajamila,vblztgdo
387,902,mega,ZHFjlR6S!QqoM6AfsGF6Uohdh_x8QlGNwb8_OsdjmMrny7_GZvrg,6,1,39,SB 6.1.39,SB 6.1.39 Does Your Heart Cry Out for God 5Jun1976_at_LA,sp,story of Ajamila,2. story of Ajamila,rmqruiod
388,903,mega,hWkxwQxQ!AVI65JoDI_cA4uGAtB0tEESBzlF4c891sZRBpbN-V00,6,1,39,SB 6.1.39,SB 6.1.39 Who Is Punishable 20Jul1975_at_SF,sp,story of Ajamila,2. story of Ajamila,mmjnuvms
389,904,mega,1S0VgRoY!Kesi7PyD66CjKmL8t29vka92H-UJm-9u2t9ZccOzCmA,6,1,40,SB 6.1.40,SB 6.1.40 Graduates of Transcendental Tech 6Jun1976_at_LA,sp,story of Ajamila,2. story of Ajamila,vutdnlhj
390,905,mega,4TNGXTqb!yNxUdEiaDQxa9vb4r-wWdYuhWZMYxdeJyweQiiNWh64,6,1,40,SB 6.1.40,SB 6.1.40 God Is Krishna-Satan Is Maya 21Jul1975_at_SF,sp,story of Ajamila,2. story of Ajamila,nsxbzcdb
391,906,mega,Fa1BDZiS!SKjaubPXJWk-TyLgZTmO5skEJbaA0CXmyEh0KP5zxng,6,1,41,SB 6.1.41,SB 6.1.41 Total Dependence-Independence 7Jun1976_at_LA,sp,story of Ajamila,2. story of Ajamila,eibqkbot
392,907,mega,cW1AmCLB!FbUcxXQAv92W1wNzMI-FDswP72TLXj129dXy-bV0wB8,6,1,42,SB 6.1.42,SB 6.1.42 No Fakir-Go to Guru 8Jun1976_at_LA,sp,story of Ajamila,2. story of Ajamila,yrvfhiaa
393,908,mega,1KNwjQxA!_OWDqnIRRX9jGgMeDvp8rKQ5poVglEVsDkiY8KcRfkQ,6,1,43,SB 6.1.43,SB 6.1.43 Better Without Disturbance 9Jun1976_at_LA,sp,story of Ajamila,2. story of Ajamila,hgsxpeib
394,909,mega,gW0DAAJI!4nWonlGpKUDDhjo4Brcg0fYOXN8bBduXQFgAOvsNBII,6,1,44,SB 6.1.44,SB 6.1.44 Lion-killer Rabbit 10Jun1976_at_LA,sp,story of Ajamila,2. story of Ajamila,wpmqstzy
395,910,mega,oCUEyTAR!WVURlrpjpKxDtTQ87CZrBNqKmk3FIk0xUshjnM8nCJA,6,1,45,SB 6.1.45,SB 6.1.45 Krishna's Central Intelligence Agen 11Jun1976_at_LA,sp,story of Ajamila,2. story of Ajamila,gqdzjztb
396,911,mega,NScwAQLJ!wDPRz_JxImAPSS7Bmbm06s2TrsbOdPvNZCk9Uv3k2aw,6,1,45,SB 6.1.45,SB 6.1.45 Why Not Eternal Life 26Jul1975_at_LB,sp,story of Ajamila,2. story of Ajamila,dhffckjx
397,912,mega,RelCXYza!ZnyFXZBTDzXsYMg1PXj50Q7ERXXOvy2np-GS0H37M3Y,6,1,46,SB 6.1.46,SB 6.1.46 Transcending All Misery 27Jul1975_at_SD,sp,story of Ajamila,2. story of Ajamila,grcfbzjj
398,913,mega,Qak0VIaC!3y5JY3YFlzfFcvNiRlTBEYt6_DeLgjW1EWbWTV991ic,6,1,47,SB 6.1.47,SB 6.1.47 Your Next Life-What Will It Be 29Jul1975_at_DAL,sp,story of Ajamila,2. story of Ajamila,awzsbpnf
399,914,mega,0D1lxaaB!mm9Icpkmau7VCDQ0eKKz9Sp9wJXFD--3rwKjfoaO_2Q,6,1,47,SB 6.1.47,SB 6.1.47 Animal Killers Cannot Understand G 13Jun1976_at_DET,sp,story of Ajamila,2. story of Ajamila,oijxpasp
400,915,mega,9SFHXIZK!DA_LHbiJ6v8GMCy0lYTMgJQexSJoh_EOiosRDgymC6w,6,1,48,SB 6.1.48,SB 6.1.48 Part and Parcel of Krishna 30Jul1975_at_DAL,sp,story of Ajamila,2. story of Ajamila,oeyvwdqf
401,916,mega,pKV3ySIb!HPxnb7PGr3YDUNWPDWwxNXXc69gKSX_4oqYZlEGVeU8,6,1,49,SB 6.1.49,SB 6.1.49 Deity Installation--Sense --etc 15Jun1976_at_DET,sp,story of Ajamila,2. story of Ajamila,dhlgxqka
402,917,mega,tPUxSTgQ!g2QgpTWkJzGIajnFu2bvnSH3FMGPzymmD4z95-Aszd0,6,1,49,SB 6.1.49,SB 6.1.49 Take Advantage of the Sastra 1Aug1975_at_NO,sp,story of Ajamila,2. story of Ajamila,wqragdzs
403,918,mega,5HUQFACA!8zsraCRCpwCQ5tkxzr9gRKbxKiI5TVrN44I6DdaE_Vs,6,1,50,SB 6.1.50,SB 6.1.50 Live Happily and Go Back 3Aug1975_at_DET,sp,story of Ajamila,2. story of Ajamila,zlphwmrp
404,919,mega,IfMhVb4Y!nL1L1evSP2X3r3f27b3OVlNpHALPNW92E6UFwO8THr0,6,1,50,SB 6.1.50,SB 6.1.50 Medicine for Conditioned Mind 16Jun1976_at_DET,sp,story of Ajamila,2. story of Ajamila,rxmxolpu
405,920,mega,IKFGwYgT!VTQ5ULEkNA7QNLziM4VmV_rV4DUdWuVLcoYUX9u_8Yg,6,1,51,SB 6.1.51,SB 6.1.51 All Wrapped Up in Matter 4Aug1975_at_DET,sp,story of Ajamila,2. story of Ajamila,qpknityy
406,921,mega,oSdCEaDa!phmilVQ1opSzRdKWWSicG6T19pP_pIpFogRvAwaKvbg,6,1,52,SB 6.1.52,SB 6.1.52 No Hard Labor-Only Light 5Aug1975_at_DET,sp,story of Ajamila,2. story of Ajamila,etjqnnaq
407,922,mega,wK0glTBK!l5I8gysW1rfiiCOblrDF-03rUtiEtLl8fZMQmEpL1IA,6,1,55,SB 6.1.55,SB 6.1.55 Be a Helper-Not the Whole Show 13Aug1975_at_LON,sp,story of Ajamila,2. story of Ajamila,yyqnmrae
408,923,mega,QWcymQ7I!x86PoGUM2fUcqJ9NmBnlON-E5qDc-0C7Baric82UkKU,6,1,55,SB 6.1.55,SB 6.1.55 Dangerous Yogis 11Aug1975_at_PAR,sp,story of Ajamila,2. story of Ajamila,gjrnbrvy
409,924,mega,weliBDBC!K64cTVk_s6y_QL6g1UGyyyaIQeB5Dqihxt2mjA4iEwQ,6,1,56,SB 6.1.56,SB 6.1.56 Skin Expert to Soul Expert 14Aug1975_at_BOM,sp,story of Ajamila,2. story of Ajamila,vjrdvzqb
410,925,mega,NKNC0R7a!vxI-Gl28Zc03fUYRmjB3bYrExihTA7YOONP0FetNwj8,6,1,61,SB 6.1.61,SB 6.1.61 Sexual Heart Disease 28Aug1975_at_VRN,sp,story of Ajamila,2. story of Ajamila,smlkqybm
411,926,mega,FC1F3I5Q!89zTy69z4p5xJ449KTry2pv5Z3hLnGfq1GEfHwVMhd4,6,1,62,SB 6.1.62,SB 6.1.62 The Agitated Mind 29Aug1975_at_VRN,sp,story of Ajamila,2. story of Ajamila,zruawynn
412,927,mega,wDVxSI7Q!TYdgNmGZfSYbWKAnunML_ztn-crHZvCNAaa1FnpHwk8,6,1,63,SB 6.1.63,SB 6.1.63 Haunted Enjoyment 30Aug1975_at_VRN,sp,story of Ajamila,2. story of Ajamila,bvnjtqnl
413,928,mega,8XEzkBDD!vpJXFzw2kMsNprHJEq7I7F8EWF3DtjGehj4EGD1ekxU,6,1,64,SB 6.1.64,SB 6.1.64 Above Material Nature 1Sep1975_at_VRN,sp,story of Ajamila,2. story of Ajamila,qtsogeoo
414,929,mega,NHdzyTpb!2-n52hrVQ5fBomjNkELSAbaXW1V5nmbkvuYuglp-7sY,6,1,66,SB 6.1.66,SB 6.1.66 How to Degrade Yourself 2Sep1975_at_VRN,sp,story of Ajamila,2. story of Ajamila,lzrostyt
415,930,mega,BSMHmCDb!bIj9uRwgLXemhM1K8uX3sFskg5zIDHYkxGKW8yCmFlw,6,1,67,SB 6.1.67,SB 6.1.67 Life Is Very Risky 3Sep1975_at_VRN,sp,story of Ajamila,2. story of Ajamila,kufzwhby
416,931,mega,5HdiSYTb!82u9IU1fUgBdJ9Mx_ZdH5pSeL0ToyOim1srwLuwz9YQ,6,1,68,SB 6.1.68,SB 6.1.68 Don't Infect Yourself with --etc 4Sep1975_at_VRN,sp,story of Ajamila,2. story of Ajamila,kyojeveh
417,932,mega,ZKtWBR6Q!b5MfLOLNg_xOheg6mU7uWXDEKwsx7TsOnNZWsPA7Pfg,6,2,1,SB 6.2.1,SB 6.2.01 ABC's of Degradation & Elevation 5Sep1975_at_VRN,sp,story of Ajamila,2. story of Ajamila,audkqwmf
418,933,mega,Ne1ESSSb!-i3XGsg-eZsKSFO62woYtYsbyyQy-z8Bf_GrDiFufp4,6,2,2,SB 6.2.2,SB 6.2.02 The Absolute Science 6Sep1975_at_VRN,sp,story of Ajamila,2. story of Ajamila,krdhucmh
419,934,mega,IS9DmK6A!NTY4kekLxgSf72pgzlSZI1Lyl-FyTE3ji-FXjno9mGs,6,2,3,SB 6.2.3,SB 6.2.03 Save Your Dependent 7Sep1975_at_VRN,sp,story of Ajamila,2. story of Ajamila,dlftzthd
420,935,mega,5b9xBKBD!gCXKT5NNww05oZOP9LxoFjLf1bEyWGoaE0bzledGb4U,6,2,4,SB 6.2.4,SB 6.2.04 Behave Ideally or Don't Preach 8Sep1975_at_VRN,sp,story of Ajamila,2. story of Ajamila,lzftpbvz
421,936,mega,5K8k3LpJ!pFFNX_4LUjLaymFBTrWCjYiLR1_XK8tmasUW22w1UQA,6,2,5,SB 6.2.5,SB 6.2.05 In Contact with a Bona Fide Guru 9Sep1975_at_VRN,sp,story of Ajamila,2. story of Ajamila,ecrrcgnf
422,937,mega,ZeNCRQRR!3vSFCgF0UX7uKb5TZ_kT_47CgC03fKqTc3oaQBXCK9M,6,2,7,SB 6.2.7,SB 6.2.07 Government and Guardians 10Sep1975_at_VRN,sp,story of Ajamila,2. story of Ajamila,nyjwstqy
423,938,mega,NX8kyKxT!x6W6bCpibfM52_hdCOOwRaBiZiDc44ypa76wVLQkxuc,6,2,8,SB 6.2.8,SB 6.2.08 Chant Hare Krishna-No Loss 11Sep1975_at_VRN,sp,story of Ajamila,2. story of Ajamila,rlwsnpcx
424,939,mega,UOcBVRRA!_yxbv6X3o_EitC4MOKhurQ_iE2qf8kMXMCfHUBYU6Sc,6,2,11,SB 6.2.11,SB 6.2.11 Unalloyed Peace-How 13Sep1975_at_VRN,sp,story of Ajamila,2. story of Ajamila,kqmwmnbc
425,940,mega,QW9B1RSB!KDhDqbY7-8K9qEFy3MDLqzzbtfQdXv4gAdTvzl924TY,6,2,13,SB 6.2.13,SB 6.2.13 Seeing Is Not Believing 15Sep1975_at_VRN,sp,story of Ajamila,2. story of Ajamila,zykpkzqd
426,941,mega,8KMGgTgC!swv9fmY2d6NmX2Fo4zz4XhdfHcew9ukdsP4CpDeAWWM,6,2,14,SB 6.2.14,SB 6.2.14 Non-Anxiety-Ask for It by Name 17Sep1975_at_VRN,sp,story of Ajamila,2. story of Ajamila,jxfbnthn
427,942,mega,EGVBhQxQ!ezeL9hirJatRV1HEn-eOwcWxlr1U-mrGnz9Gw2uU1lo,6,2,15,SB 6.2.15,SB 6.2.15 The Glories of the Holy Name 18Sep1975_at_VRN,sp,story of Ajamila,2. story of Ajamila,dzfpsbgx
428,943,mega,wGtWBbLD!E1iSNKiwUu7gcf-bgPuXd1IqOB5pYHqOiKsEP3FjHGw,6,2,16,SB 6.2.16,SB 6.2.16 Krishna in Outlaw Country 19Sep1975_at_VRN,sp,story of Ajamila,2. story of Ajamila,zamcbecp
429,944,mega,IblGVKJI!KRkGtXshpMkoar0COLDPbgp-6HbgwnTidrjnGLMhnoA,6,2,17,SB 6.2.17,SB 6.2.17 Don't Try to Be Happy Here 20Sep1975_at_VRN,sp,story of Ajamila,2. story of Ajamila,zvrwoftp
430,945,mega,lCUgCQJJ!e82OLZFWDVVQ_-gYdD3X0WhyZsYl-GxVZL6gU-nFxfM,7,5,22,SB 7.5.22,"SB 7.5.22 The Divinity, the Demon, and the Devotee 27May1972_at_LA",sp,7th canto,3. 7th canto,xqpeqghz
431,946,mega,dS9X0ZCb!UuI8JFdLspl_9rZi77qRN2P2QSDI-RidPJHJdj6a_xA,7,5,23,SB 7.5.23,SB 7.5.23 Hear from a Real Devotee 31Mar1976_at_VRN,sp,7th canto,3. 7th canto,gnwgmxni
432,947,mega,ZW1y3BxT!1Kozer_EZJV5uy15XTr-VgBcUYFWUAmDmuYb9t76E-A,7,5,30,SB 7.5.30,SB 7.5.30 Material Life 2Oct1975_at_MAU,sp,7th canto,3. 7th canto,qkoykqaj
433,948,mega,sSsiTSqK!HGwGtNp0z_TDGmUfEFPtls9xqNglJUmzdehs1wlwvWA,7,5,31,SB 7.5.31,SB 7.5.31 Books for the Blind 4Oct1975_at_MAU,sp,7th canto,3. 7th canto,nkuzilii
434,949,mega,UHkDACzK!WaMBKgpGY1W6lzr8-DZxWAUlyq0zRzkEetwpDAWFpRs,7,6,1,SB 7.6.1,SB 7.6.01 We Are Expansions of Radharani 17Dec1975_at_BOM,sp,7th canto,3. 7th canto,panqolsh
435,950,mega,5fU1wCzA!8VMVqCp2iX_RLuF-j9IKFe2YxnR0OTDdlco6XhmNDmM,7,6,1,SB 7.6.1,SB 7.6.01 Spiritual Convalescence & Cure 2Jan1976_at_MAD,sp,7th canto,3. 7th canto,noybmacu
436,951,mega,AXkwmI4S!U3mTDyt_m_8xFP4NqENcRlN6lDYXtwNt3KDQ1Ozuw2E,7,6,1,SB 7.6.1,SB 7.6.01 Why Are You Spoiling My Boy 9Apr1969_at_NY,sp,7th canto,3. 7th canto,oywpflry
437,952,mega,9XFFRRrY!UAwaQdgCFgfVWCRfjy0nyGtOHQ_qXJAFZdZwA_mQtAc,7,6,1,SB 7.6.1,SB 7.6.01 A Way to Spend Your Time 15Mar1968_at_SF,sp,7th canto,3. 7th canto,lnmjpgst
438,953,mega,RSU0jZKJ!l2d4h1PO6TrUV9rM-4UR6107k-zMkg1-Mj1NwHeyd2k,7,6,1,SB 7.6.1,SB 7.6.01 Here Is God-Krishna-Take It 2Dec1975_at_VRN,sp,7th canto,3. 7th canto,uesyepkb
439,954,mega,0f0w3BCK!mQLL7t9-uEFdkgwe47aABzdDV37Prik_7HlUbOsCra0,7,6,2,SB 7.6.2,SB 7.6.02 Innermost Benefit from the --etc 18Jun1976_at_TOR,sp,7th canto,3. 7th canto,pkmysqwt
440,955,mega,gGsQlKoB!KHKx1cejRGcsj_7uA2BMvU9KLQW_bXYAu28qIyx0N_U,7,6,2,SB 7.6.2,SB 7.6.02 Everyone Is Dear to Krishna 3Dec1975_at_VRN,sp,7th canto,3. 7th canto,odgnxiki
441,956,mega,dec1DKTI!1RXpquRL91YhQp-DcF279-vLU17gceGgtfLczR4iAOg,7,6,3,SB 7.6.3,SB 7.6.03 Stop Adjusting the Material World 16Jun1968_at_MON,sp,7th canto,3. 7th canto,moytgroa
442,957,mega,gSs3DSjT!_Q-c6o4T_dvpJNpOFO3vMMHAGXqJ8khqxpx67I5o0A8,7,6,3,SB 7.6.3,SB 7.6.03 Pots Change ... Contents Stay 19Jun1976_at_TOR,sp,7th canto,3. 7th canto,egdyszmy
443,958,mega,pWsBWZbS!AUPgCaQs2MyLl-1yh_L88FkLHJAXD_BwGYlJKILl3KE,7,6,3,SB 7.6.3,SB 7.6.03 Our Human Opportunity 4Dec1975_at_VRN,sp,7th canto,3. 7th canto,kkywjcpe
444,959,mega,BCdTAaRa!RF1Zr74c688Jisd49vKETZQ-25YXApBmjgL2gTb5dr0,7,6,4,SB 7.6.4,SB 7.6.04 Innermost Benefit from the --etc 20Jun1976_at_TOR,sp,7th canto,3. 7th canto,hgbhljqg
445,960,mega,sP9lgJ6A!zRfgFHmDOmKUPRN37wwaxJtpyEJlvu7VJ4OZ9xLIFHE,7,6,4,SB 7.6.4,SB 7.6.04 How to Waste Your Life 5Dec1975_at_VRN,sp,7th canto,3. 7th canto,uwdgtegn
446,961,mega,FHVwTCyA!fCVdBr9Rp7pO1Y6cNTQf_mVzux6ywWNA502GfWzoOXM,7,6,5,SB 7.6.5,SB 7.6.05 Polished Pig-ism 7Dec1975_at_VRN,sp,7th canto,3. 7th canto,mnsewwvj
447,962,mega,NOkwgQhT!Mrj8ebATV0q099n2e2yAMJhYzkBWKhf-WVzw46fTIMU,7,6,6,SB 7.6.6,SB 7.6.06 Center Society on Spiritual Profit 23Jun1968_at_MON,sp,7th canto,3. 7th canto,kqllkfba
448,963,mega,MbkiEIrY!VCUCXliKkF21xrfV5EWP-agfjUNqJIGBPTCBAP0_N7A,7,6,6,SB 7.6.6,SB 7.6.06 Modern Civilization--No --etc 22Jun1976_at_NV,sp,7th canto,3. 7th canto,rfoxstci
449,964,mega,pLVF0BTA!ofzrlQhXj5e6CWVGU-ii4Ohmq8oFv8r9NCDRKse4F3s,7,6,6,SB 7.6.6,SB 7.6.06 The Victors and the Victimized 8Dec1975_at_VRN,sp,7th canto,3. 7th canto,wnhxsksr
450,965,mega,lL1EHYwD!oLuh4ViurBV7Ebf6FlAr8CZ0yheKzAOa2KgjH2gYz2o,7,6,7,SB 7.6.7,SB 7.6.07 We're Taking Death As Life 9Dec1975_at_VRN,sp,7th canto,3. 7th canto,fnyxmubu
451,966,mega,xPdnUC6Y!_cEwAUcc1uwTHl2NxJ-_nQ2993DBQQ0bmwBShftHVq8,7,6,8,SB 7.6.8,SB 7.6.08 The Greatest Success .. But --etc 24Jun1976_at_NV,sp,7th canto,3. 7th canto,azblbhdn
452,967,mega,oOECBJDZ!dDYBHMY9CNYITweCiMLs92JFYqhf0G9x14Zt08JPTFs,7,6,8,SB 7.6.8,SB 7.6.08 Mad Attachments in a Bad Age 10Dec1975_at_VRN,sp,7th canto,3. 7th canto,pczdwzpy
453,968,mega,AbsQVIjb!DbfQsgMSO5oIZ3zcv4rmX70r-OssTVLcLUBF2EfVNTA,7,6,9,SB 7.6.9,SB 7.6.09 I Love My Sense Gratification 25Jun1976_at_NV,sp,7th canto,3. 7th canto,lribdwtc
454,969,mega,ge1GHLCZ!W3yLJaXVS_trVzKZv8kj57JHy19Ty_bCHBjNQs0grfM,7,6,9,SB 7.6.9,SB 7.6.09 Attachment Education 11Dec1975_at_VRN,sp,7th canto,3. 7th canto,csrkpajb
455,970,mega,RLlggBQT!nVsojK0ZMKGXIeP625ZbF9f_icb3HhcCh2PioorKgWs,7,6,10,SB 7.6.10,SB 7.6.10 Krishna and Non-Krishna Desires 12Dec1975_at_VRN,sp,7th canto,3. 7th canto,htqpnlbm
456,971,mega,oTViDZ4L!7CYyFYfedMJiUVqheMEwRhIizSqP3eWEgAfD0UY37vw,7,6,11,SB 7.6.11,SB 7.6.11 Natural Detachment 27Jun1976_at_NV,sp,7th canto,3. 7th canto,gcapnekz
457,972,mega,hT12SJhR!y1kYkcZFa5VB10vnTuRJzCOAun0JFHRhoKVUwOfJBVE,7,6,14,SB 7.6.14,SB 7.6.14 The Problem of Family and Belly 28Jun1976_at_NV,sp,7th canto,3. 7th canto,ftjaydqz
458,973,mega,5eslxKzT!TxyrCoDHoM_bg-7op9O60jcaoclpDwEyObXayWBOlJE,7,6,15,SB 7.6.15,SB 7.6.15 The Problem of Family and Belly 29Jun1976_at_NV,sp,7th canto,3. 7th canto,sawxpmvx
459,974,mega,gSFghIAB!oe2EBNC__hWQdqiae37zwuu9JrxJDCKcnxneAlrDfD4,7,6,16,SB 7.6.16,SB 7.6.16 Material Entrapment 30Jun1976_at_NV,sp,7th canto,3. 7th canto,gkbddnmw
460,975,mega,JLsCQJIB!uSbF4wKEZxHaWFC_OfNuHnTl6H4hy7L2XF5WGdBmy20,7,6,17,SB 7.6.17,SB 7.6.17 Material Entrapment 1Jul1976_at_NV,sp,7th canto,3. 7th canto,blfhadfk
461,976,mega,4eU2iT6D!-_QoBxcOYk5Fbb-ufjjXhkMJS3NCvBH13mGAveKUPFw,7,6,19,SB 7.6.19,SB 7.6.19 Material Service ... Nobody --etc 2Jul1976_at_NV,sp,7th canto,3. 7th canto,ghuawzht
462,977,mega,xSMkEA7L!cOF-kxfT4AsTU9rTpOod6KAoqY5fSpPTLUxiYJstExE,7,7,19,SB 7.7.19,SB 7.7.19 Designations ... Demoniac 18Mar1971_at_BOM,sp,7th canto,3. 7th canto,tvfyssrz
463,978,mega,wXESTBbL!qULGjyqP6F5ND66Gy6c3fjXgdWHOI8iIOhn_sfwH0RM,7,7,29,SB 7.7.29,SB 7.7.29 Here Is A Personality to --etc 15Mar1967_at_SF,sp,7th canto,3. 7th canto,howluxdq
464,979,mega,NfEHWAiT!MGL-rdl_tDMyy3CL3jRBVdY94Hot6IhhmtiIDi9wh9A,7,9,1,SB 7.9.1,SB 7.9.01 Don't Make Krishna Unhappy 8Feb1976_at_MAY,sp,7th canto,3. 7th canto,ogfjpvlz
465,980,mega,ZCdVUZSC!efx1-xLSEIlqFvKGUymlt2V7Phb8Mb8bB5e5ySZ_kMw,7,9,2,SB 7.9.2,SB 7.9.02 Lakshmi and Narayan 12Feb1977_at_BHU,sp,7th canto,3. 7th canto,jnzicuhe
466,981,mega,JGkVVaCJ!qOLivRFlscvZigY8_NvGwIxeZUYdVTseQ01aPu8Nlk4,7,9,3,SB 7.9.3,SB 7.9.03 Never Think 'I Have Become Big' 10Feb1976_at_MAY,sp,7th canto,3. 7th canto,qzdgvxbj
467,982,mega,xKkSBRTA!ZzNRDbiR_lPqi3fO9o4FAcdKMcKagMQBhW3uoudEcqQ,7,9,3,SB 7.9.3,SB 7.9.03 Easily Available for Devotees 17Feb1977_at_MAY,sp,7th canto,3. 7th canto,wpaaspyn
468,983,mega,4bVk2YTD!tW7ap7A7nQeXmuSarUTfrnbbuBW7FdIr8d812poWYiE,7,9,4,SB 7.9.4,SB 7.9.04 Prahlada--Krishna's --etc 11Feb1977_at_MAY,sp,7th canto,3. 7th canto,oqfafqyv
469,984,mega,NCdGzJaQ!HHtWB3PEO1OeOp8Jfqm-S4qCHgIHNs7IK81cjsibthY,7,9,4,SB 7.9.4,SB 7.9.04 Can God Become Angry 18Feb1977_at_MAY,sp,7th canto,3. 7th canto,qkehrnve
470,985,mega,0CEAQJ6K!TZT_77mJISWQqIu6QrZvqW0Nrf23V6-JCt9vk-do_Mg,7,9,5,SB 7.9.5,SB 7.9.05 Don't Think God Has No Feeling 25Feb1977_at_MAY,sp,7th canto,3. 7th canto,tijoulbk
471,986,mega,lfEliaYL!iO10DG-hd3azowftIcC-eBJ7up-jA4iH7PXj3GrF4Pg,7,9,6,SB 7.9.6,SB 7.9.06 God--Supreme Being 26Feb1977_at_MAY,sp,7th canto,3. 7th canto,gqqclfgq
472,987,mega,1HsFlJSJ!Q4F0se51xVt_9sd89Z9GmZcd4vBPgeHNQFiCEFgNeaY,7,9,7,SB 7.9.7,SB 7.9.07 Making Faith Firm 14Feb1976_at_MAY,sp,7th canto,3. 7th canto,cfmqfade
473,988,mega,NGtWSLYb!srO3-ODyuFs2z9ALrRGzpl0VKQ1RLdtf476CD6KpbHc,7,9,7,SB 7.9.7,SB 7.9.07 Touch Krishna By Your Tongue 27Feb1977_at_MAY,sp,7th canto,3. 7th canto,gwpkkbgo
474,989,mega,VLlEhaIC!5WvoI0tSsOyAG8aXb7QtH2WH0Qbmv_0R_gY_aX4RJ1M,7,9,8,SB 7.9.8,"SB 7.9.08 Hell, Heaven or Home --Decide 15Feb1976_at_MAY",sp,7th canto,3. 7th canto,zjbrijmw
475,990,mega,Ze9GWQAC!A8326wQR56q-yDKQ2tHrzqN9rW1zDuGRWgRc4tWio6E,7,9,8,SB 7.9.8,SB 7.9.08 How A Devotee Thinks 28Feb1977_at_MAY,sp,7th canto,3. 7th canto,jngrkxbv
476,991,mega,QLdhDRYC!KQVdlCCe7BI04tpGYWdcd26aKon2RWgd0PoPDXEa3Dc,7,9,8,SB 7.9.8,SB 7.9.08 Nobody Can Exist Without God 21Oct1968_at_SEA,sp,7th canto,3. 7th canto,dkqfvpye
477,992,mega,EOEAiC5L!PZUHG6oFumcvKnRBNyitoDwRFbgaHFx9_eZSKLEAXH4,7,9,9,SB 7.9.9,SB 7.9.09 Education Is Not Electronic 16Feb1976_at_MAY,sp,7th canto,3. 7th canto,wsmyhbcr
478,993,mega,hOllVC4D!rZsn8ePtEGpzGrG3B96YnoRj9NdKq7N_LEorU27XhAs,7,9,9,SB 7.9.9,SB 7.9.09 Dedicate Your Life To Krishna 1Mar1977_at_MAY,sp,7th canto,3. 7th canto,hbztguxz
479,994,mega,NfNHnCiR!q7ihqHnIdhdpmifMjl0s7JFO-k8OxxB16Zp6dplWCtE,7,9,10,SB 7.9.10,SB 7.9.10 Every Dog Has His Pride 17Feb1976_at_MAY,sp,7th canto,3. 7th canto,lazrffbe
480,995,mega,EbsRGAKZ!2YGzBxKGOmk5Go0WO00eiXRCNXjzQpz8LPEGSE4MdlI,7,9,10,SB 7.9.10,SB 7.9.10 The Difference Between a --etc 12Jul1968_at_MON,sp,7th canto,3. 7th canto,chidpvfp
481,996,mega,ECUwEaoD!Kh6F6Hc0L_IlGlNdUth11Sw87gagMvBHmrSOFSHLIjg,7,9,11,SB 7.9.11,SB 7.9.11 Krishna Help Me Forget You. --etc 24Mar1969_at_HON,sp,7th canto,3. 7th canto,gpdjbvhz
482,997,mega,ofcX1QLY!Dra_FURmh2wY-uKqW2T1R417ZTorm-UCp1RK9C8i99k,7,9,11,SB 7.9.11,SB 7.9.11 Krishna Needs Us --Why 18Feb1976_at_MAY,sp,7th canto,3. 7th canto,pruwooha
483,998,mega,9XsDxDSD!5LgEB0QrniS3QO0b3Aw0sGLGRUIrrfHHfNU23isugeQ,7,9,11,SB 7.9.11,SB 7.9.11 Krishna Is Begging Your Love 17Aug1968_at_MON,sp,7th canto,3. 7th canto,xorganpm
484,999,mega,hOFQyBjZ!pZ8vbfgN2z_vaDiIXWGOHRrAJKokDtdh2zgCnMR3tUc,7,9,12,SB 7.9.12,SB 7.9.12 Follow Without Mental Concoction 19Feb1976_at_MAY,sp,7th canto,3. 7th canto,eacjnuzz
485,1000,mega,8OVVhAgB!SippF1XP5anLhowLPhQ9LG_o10Y987h-EaMuQX2YXUU,7,9,12,SB 7.9.12,SB 7.9.12 God is Dead--The Vulture's Curse 18Aug1968_at_MON,sp,7th canto,3. 7th canto,okzrhlpc
486,1001,mega,8Ks01A5S!rErjCSVarLb8kDHpZYCbwztJHcphCNZCnpNamR6d3sw,7,9,12,SB 7.9.12,SB 7.9.12 God Only Cares How Much You LOVE H 19Aug1968_at_MON,sp,7th canto,3. 7th canto,efzkyplk
487,1002,mega,kH0QiBoR!dGPOxcKsCAQdPx2Iis_UlUSx7lhubu3dNgab0HHJ0yY,7,9,13,SB 7.9.13,SB 7.9.13 Snakes Don't Scare Devotees 20Feb1976_at_MAY,sp,7th canto,3. 7th canto,xaymkced
488,1003,mega,BXMm2SwS!Lb1HDsv3YVRlgRs0yXVH2yhggrldO2HzZBC0rkWuE8E,7,9,13,SB 7.9.13,SB 7.9.13 Getting a Job with the --etc 20Aug1968_at_MON,sp,7th canto,3. 7th canto,orajufjf
489,1004,mega,RPl3BBbZ!QqpNVVlrN4TgkYWqtg4z5fGwaJsGFXCtg_0CVmKLYDo,7,9,14,SB 7.9.14,SB 7.9.14 Demoniac--Disturbing & Disturbed 21Feb1976_at_MAY,sp,7th canto,3. 7th canto,iszuddla
490,1005,mega,kDkQSDaZ!T9eBcnafEbOK8_LMQoy7TTBDdRgPCIKQOAMV0-T97bs,7,9,15,SB 7.9.15,SB 7.9.15 No Gentleman Can Live Here 22Feb1976_at_MAY,sp,7th canto,3. 7th canto,vhiwpocu
491,1006,mega,Fet1WBrD!E42H68EEDQAXhS4y46oNdVX53vDxMx65YKU49RzVQUs,7,9,16,SB 7.9.16,SB 7.9.16 Spreading the Moonlight 23Feb1976_at_MAY,sp,7th canto,3. 7th canto,utdwnffu
492,1007,mega,pfkyRAzY!fnIka64D5KKqWp0bZWwcgOM7QpYDKaRAxdEDcDU5g9k,7,9,17,SB 7.9.17,SB 7.9.17 Crushed by the Wheel of Time 24Feb1976_at_MAY,sp,7th canto,3. 7th canto,gnfpalcm
493,1008,mega,IDFW1YIK!BVMIfzV4jr9ArhTfeLTPnOzOPBYZOMEMUj09uqmoQxQ,7,9,18,SB 7.9.18,SB 7.9.18 Literature vs. Litter-ature 25Feb1976_at_MAY,sp,7th canto,3. 7th canto,bvtkvbnz
494,1009,mega,8GsWFaAY!6tTf7R3DT6ztI1F7wxsGx3c9GPQ2j7OInQTJqhZzqlA,7,9,19,SB 7.9.19,SB 7.9.19 Remember the Titanic 26Feb1976_at_MAY,sp,7th canto,3. 7th canto,xeiwylgx
495,1010,mega,pWdXTZyR!jGq-BEKSLuxA1m7Z1pAswhaVBFVg4L2mW4Lt9mzjoXM,7,9,20,SB 7.9.20,SB 7.9.20 Nothing Other than Krishna 27Feb1976_at_MAY,sp,7th canto,3. 7th canto,zprqtvop
496,1011,mega,wfUHyBra!nUdj1ntNPtix3QdyMmCSqb-y555oToIWyfwMnUOqAP0,7,9,21,SB 7.9.21,SB 7.9.21 Beginning of Material Life 28Feb1976_at_MAY,sp,7th canto,3. 7th canto,thklpeaz
497,1012,mega,tH8G2QSY!05Yy2zYrIgVKsP5FzGXPBDVqMl-ywKAjvaITRoZDoII,7,9,22,SB 7.9.22,SB 7.9.22 It Is Not Alright 29Feb1976_at_MAY,sp,7th canto,3. 7th canto,dlvuhyfs
498,1013,mega,sTsFmSab!ykW2GUoRNkQzwbbmRrj23abj5u66AU8wvNFFsCXYe-g,7,9,23,SB 7.9.23,SB 7.9.23 Krishna Impersonators Killed 1Mar1976_at_MAY,sp,7th canto,3. 7th canto,wrmfkynm
499,1014,mega,0Cc3GCCY!h2vXfgkO2FSExKAfOv16u-CQQ2n71tMTxqJoYLTpjvE,7,9,24,SB 7.9.24,SB 7.9.24 The Master Disease 2Mar1976_at_MAY,sp,7th canto,3. 7th canto,joirrqyn
500,1015,mega,MeEVDaSK!Cm3gSMdqhGuJGoUn_TjXz_6CISr10tPvpuw8yteFKgY,7,9,26,SB 7.9.26,SB 7.9.26 Krishna's Touch 4Mar1976_at_MAY,sp,7th canto,3. 7th canto,sjejqdtg
501,1016,mega,0SVlhZoY!O4SgfxK2DCWVypbN78y-0GH2fxB-nGqU77lLWbz82po,7,9,27,SB 7.9.27,SB 7.9.27 Jealousy--It's Cause and Cure 5Mar1976_at_MAY,sp,7th canto,3. 7th canto,ybpwnffw
502,1017,mega,MOEERQYT!QKcZLgsiEg58m9YHsRmkuR3zq-k0DoxERoG0LXUKYsM,7,9,28,SB 7.9.28,SB 7.9.28 Serpents and Servants 6Mar1976_at_MAY,sp,7th canto,3. 7th canto,tfmruiad
503,1018,mega,Bf0nSbzK!k1OR4F-ubX7XZWo7HdI4LYu5vp1vTVv80W9z2nCiuhA,7,9,29,SB 7.9.29,SB 7.9.29 The Clever One 7Mar1976_at_MAY,sp,7th canto,3. 7th canto,vqsosywq
504,1019,mega,QW83RAoI!iuEKF6sVzcebI4STL97WGN_14MvIGZ60K4IAFrkG8vw,7,9,30,SB 7.9.30,SB 7.9.30 Enter the Spirit 8Mar1976_at_MAY,sp,7th canto,3. 7th canto,cvghnsjp
505,1020,mega,EPURETgS!4Xwda6qZXo1DXEhT3HpPtHBeLOAB9Xn3yXFLwRK75K4,7,9,31,SB 7.9.31,SB 7.9.31 First Lesson--Who Am I 9Mar1976_at_MAY,sp,7th canto,3. 7th canto,rvnwvyuy
506,1021,mega,QTsBSLxD!Q0pXum4Rv7uLrOsgLEz_15cvoA9HIseeqBgUoBn7XFI,7,9,32,SB 7.9.32,SB 7.9.32 The All Pure and Powerful 10Mar1976_at_MAY,sp,7th canto,3. 7th canto,kstezvmp
507,1022,mega,gTNnTZzC!QIk30Z8iHHL4K9WBJCXgTSOcV0RmYn3lEgUyq12cGrI,7,9,33,SB 7.9.33,SB 7.9.33 Basic Principle 11Mar1976_at_MAY,sp,7th canto,3. 7th canto,fiqosmin
508,1023,mega,tCExTDbB!RiWefSQBlXr8beq8ob-EHzWU2etZSuwTrvyh-kDDboc,7,9,34,SB 7.9.34,SB 7.9.34 Make Krishna Smile 12Mar1976_at_MAY,sp,7th canto,3. 7th canto,fqchqtzl
509,1024,mega,0WkikToQ!u9YhFxBNwM2tcIf5ZgH6Xca4Z2c4QJqSdvsDc6aM8fE,7,9,35,SB 7.9.35,SB 7.9.35 Grandfather Brahma 13Feb1976_at_MAY,sp,7th canto,3. 7th canto,dnvenbpn
510,1025,mega,8XsgEYqD!GnPvX7CMMB7-FpVtlVuA13mVEVM_wW3of-HcmlaMGVY,7,9,36,SB 7.9.36,SB 7.9.36 Simple Boy-Real God 14Mar1976_at_MAY,sp,7th canto,3. 7th canto,wjarvjdb
511,1026,mega,RLVw3bCJ!VAa5CQmfwfYS4B-r_ZUpYo0yzs1_P4A7IagiX4ccTCA,7,9,37,SB 7.9.37,SB 7.9.37 Faith Vs. Fact 15Mar1976_at_MAY,sp,7th canto,3. 7th canto,yvxfteig
512,1027,mega,8etCQbqQ!cCytcZG3ySFzfQ-U-00F3T61v5wefwkzI8-iYiLgd_4,7,9,38,SB 7.9.38,SB 7.9.38 Gaura Purnima--The Undercover Avat 16Mar1976_at_MAY,sp,7th canto,3. 7th canto,dpichywa
513,1028,mega,hX8w1bAK!bQurDYOwooUKa1pazebsHNUMbrYLuI4FRhpkmzLjdFQ,7,9,39,SB 7.9.39,SB 7.9.39 How Will They Become Brahmanas 17Mar1976_at_MAY,sp,7th canto,3. 7th canto,uxeaokyy
514,1029,mega,gKUHkJDZ!DvqS8x46GOjDIn1ttqVqWR7pE1H1ysgW489mGFaVe2k,7,9,40,SB 7.9.40,SB 7.9.40 Serve One Master... Or Many 18Mar1976_at_MAY,sp,7th canto,3. 7th canto,ebsadehj
515,1030,mega,EKtnzQBD!-bKCndlW4TXJKS_sFv8YqZ1x3D3OZqHkNCIIemgR1jQ,7,9,41,SB 7.9.41,SB 7.9.41 Is God Unkind 19Mar1976_at_MAY,sp,7th canto,3. 7th canto,xdirmmti
516,1031,mega,pflBzJjb!fn3ZfJB1uNSfflKY2ojQr3e8gnHca9bZTnAhCInqGa8,7,9,42,SB 7.9.42,SB 7.9.42 Impossible to Be Independent 22Mar1976_at_MAY,sp,7th canto,3. 7th canto,azbjksxv
517,1032,mega,MP9mlQIB!8Qlf2OX0bNhsB0nsqX3V2rMtQdwRwnhszNAn1cw-Ld4,7,9,44,SB 7.9.44,SB 7.9.44 How to Get Krishna's Attention 26Mar1976_at_MAY,sp,7th canto,3. 7th canto,hfieihla
518,1033,mega,1bUQWLbD!Ak_njsD6zDzIJFFlhuRoyi-rD2WvDIV2ZQW0GunaZo0,7,9,47,SB 7.9.47,SB 7.9.47 Demonic Habits Are Being Killed 2Apr1976_at_VRN,sp,7th canto,3. 7th canto,lzrwovqy
519,1034,mega,pC0C1QzR!aEIP5ACII8aT8jdXayJYQ45X9_MQyPmLmU6UGvi2ktg,7,9,49,SB 7.9.49,"SB 7.9.49 Big Talk, Hard Work- Not the Way 4Apr1976_at_VRN",sp,7th canto,3. 7th canto,fbeomtpy
520,1035,mega,YbdD3CAb!c-I6xAzbxnQWBx8a98a7hVWKkrSL9rzL9aCHPGQfS24,7,9,52,SB 7.9.52,"SB 7.9.52 Nondevotees--Cruel, Cruel, Cruel 7Apr1976_at_VRN",sp,7th canto,3. 7th canto,moohhrvl
521,1036,mega,tf9hxSzR!cTAjMfYRwntbQumka7dccutGAdn6Jgcs7KPiTMWqQqo,7,9,53,SB 7.9.53,"SB 7.9.53 Please Krishna, See Krishna 8Apr1976_at_VRN",sp,7th canto,3. 7th canto,ielpjonc
522,1037,mega,hDUh3DTR!NmHYcIaUjW29bmeyBFrP70w_SbJJk6bprdN_C69ktiA,7,9,54,SB 7.9.54,SB 7.9.54 No More Wanting 9Apr1976_at_VRN,sp,7th canto,3. 7th canto,xmgsqhto
523,1038,mega,wL8UhYxB!4-Q3E01kNigNxoSGxSvqufj_60Tw7OQ1sYxD0rAacwU,7,9,55,SB 7.9.55,SB 7.9.55 The Spoiling Civilization 10Apr1976_at_VRN,sp,7th canto,3. 7th canto,omjwuawb
524,1039,mega,EXk1lIiL!hozJiAvjJv7bDkjswYrX4ZuB1e4Dxj6KuX7k4u2C3qc,7,12,1,SB 7.12.1,SB 7.12.01 I Don't Say You're a Rascal 12Apr1976_at_BOM,sp,7th canto,3. 7th canto,raxawjrt
525,1040,mega,lOFADJ7T!EgrT6htv2SCmHYAUuphLKvHgogxLSn2aTgM3G1SIFpY,7,12,2,SB 7.12.2,SB 7.12.02 Hippie Population 13Apr1976_at_BOM,sp,7th canto,3. 7th canto,tbpgteel
526,1041,mega,oCsUlbLA!WmuXVlG2-aLmxKOXu4i6KB_DxWwWepT4eDf5pa1HcnI,7,12,3,SB 7.12.3,SB 7.12.03 Sex Life-Spiritual Life 14Apr1976_at_BOM,sp,7th canto,3. 7th canto,ypzexhrb
527,1042,mega,Vb1jyALb!RD4kCFcqWttyoiKrLYlCWxTwBgXhfWV4iB-SdtPPbnI,7,12,4,SB 7.12.4,SB 7.12.04 Shortcut Your Necessities 15Apr1976_at_BOM,sp,7th canto,3. 7th canto,sfurunnv
528,1043,mega,YG8CWZKK!d9gNfHl4RAy7IwUAlbZZ495I7SJUFnFbxBflTbEvy4A,7,12,5,SB 7.12.5,SB 7.12.05 Our Main Principle-Chant 16Apr1976_at_BOM,sp,7th canto,3. 7th canto,dhnzidll
529,1044,mega,NCdiWJRC!PE68xLpnrBSu-qshhynLRjIw31TYj8ATqcf8aH4BDZA,7,12,6,SB 7.12.6,SB 7.12.06 Know Everything of Something 17Apr1976_at_BOM,sp,7th canto,3. 7th canto,kmjstgws
530,1302,mega,XN8SmY4S!vlxsgJoG3Nt_LlIP2rVtVsxNmCHHsp4IZQQ1PoyuFL8,,,,INTERV,Press--This Religion Is Yours Also 27Apr1976_at_AUC,sp,interviews,4. interviews,hzjfumoz
531,1303,mega,nBlhwBJS!nUB_1WK_4TJ73ypxpNCn8u2QOoTgyWYLugpje2MeEes,,,,INTERV,Pseudo Scientists Deny Supreme 21Mar1975_at_CAL,sp,interviews,4. interviews,scqobyte
532,1304,mega,uMVhDCYT!USF8GVfrHdVdoAyUAKVHgFFsgBk5Pjk01v-kpYOJBvs,,,,INTERV,Press--Everyone of You-Become Guru 16Oct1976_at_CHA,sp,interviews,4. interviews,yrskfcmi
533,1305,mega,GVthULJT!BxbdRTSjczRmoWyOZ-WTCVYkYbxjw5W5FUXuRYltqzk,,,,INTERV,Press--A Higher Philosophy 9Jul1975_at_CHI,sp,interviews,4. interviews,xbfkrnnc
534,1306,mega,edlXkazJ!2lyME3mC8k8MDcQZCG5hivIy3GXpl_kPU8Jf5vvBmEs,,,,INTERV,Television--Actual Woman's Liberation 9Jul1975_at_CHI,sp,interviews,4. interviews,xokhqihx
535,1307,mega,vN9yAAKT!9wmk9VXaBVWg9S-G00bo6eY41Q9saJ8pRiLRVasGnMY,,,,INTERV,Press At Airport--Without --etc 28Jul1975_at_DAL,sp,interviews,4. interviews,yaqqpfli
536,1308,mega,DU8BHAhQ!clzQR7Yisj8odUCPHvK2SaQqMtpQNrGvy1twe6tmC4M,,,,INTERV,Press--India- Overintelligent 25Mar1976_at_DEL,sp,interviews,4. interviews,rkqoaxrb
537,1309,mega,PItGkYAL!v87UpQ0V8uZoaYStNOIqN2_13hOz7Ho2qAmVuT-4yCI,,,,INTERV,Radio--You Can Make Whole World India 25May1975_at_FIJ,sp,interviews,4. interviews,fjbhvvrp
538,1310,mega,LUkWUDDK!oFHLTvVGBxpgh07jjBbRgXUKWTngVMCPnP0DNjrXGdE,,,,INTERV,The Only Way to Love God In This Age 29Jul1971_at_GAI,sp,interviews,4. interviews,eoxtkobe
539,1311,mega,bA9VTRJA!owNLIm0GlWIPRL-P17YyCaFuwGKK6-JtFHwS36KN8Cw,,,,INTERV,Press--If You Want a Good Society 18Apr1974_at_HYD,sp,interviews,4. interviews,ghtojsii
540,1312,mega,OYlDkCBD!RQZHQQDkVSfOae4mN4kPmelVkwk8jGLCFOkMDpxDRmE,,,,INTERV,Press--Spiritual Re-education --etc 17Aug1976_at_HYD,sp,interviews,4. interviews,xjijosyf
541,1313,mega,XN9RgKia!JzSA2KGHaq91akhAgyjTFwtCEAxDLv6coZPdlASI16k,,,,INTERV,Press--Manifesto of Krsna Consciousness 22Dec1968_at_LA,sp,interviews,4. interviews,qesttyjf
542,1314,mega,eYMGGAbT!W3zYZg-T7uXbaTYr-dK78Fec-newJpUOB642vXmzCtc,,,,INTERV,Press-LA Times--Lunacy of Moon Mission 26Dec1968_at_LA,sp,interviews,4. interviews,anqxyedh
543,1315,mega,iM9VBSoa!_ERF0kh8PyWXorwJNKFjPYOwi4a8txeVuSC6LIpArEI,,,,INTERV,Press-New Cosmic Star--Progress --etc 30Dec1968_at_LA,sp,interviews,4. interviews,dslrndil
544,1316,mega,HYVwVL4C!wP_qAtMUL4stm7rqisW9YDoLX82E30k_UcBzgEw29n4,,,,INTERV,Press--Lon. Observer Sentiment --etc 23Jul1976_at_LON,sp,interviews,4. interviews,sleteomr
545,1317,mega,HJshiaaJ!1RsGr0op7uwktokZOEZfIBgfM53GpB0R5vf7kA2cMjw,,,,INTERV,Press--Transcendental Psychiatry 29Jun1974_at_MEL,sp,interviews,4. interviews,ksgwgmtd
546,1318,mega,iAlAQJRR!77CosTMe2n22l_ISZFbnJaLQklRh2ZdiL7od55bkENc,,,,INTERV,Press--No Culture-Just Money 19May1975_at_MEL,sp,interviews,4. interviews,gndeltab
547,1319,mega,PQlkWIjZ!ej3JDkF5dOGwR8T-0_OTspZcgodHZGoCVVH18mF4_vA,,,,INTERV,"Press--First, Understand Your Self 22Apr1976_at_MEL",sp,interviews,4. interviews,dslqddhw
548,1320,mega,mA0wmJKD!QxbBL1RxNjRraXim2w79yAAuDq59nBP0Vn3rcqy2b0I,,,,INTERV,Press--We Are Hare Krishna People 5Mar1975_at_NY,sp,interviews,4. interviews,zbluxscz
549,1321,mega,zBljzY4A!R9bdCsETAQ9eJsLRvXbzyt_cupTdzWBPRgF0y5ictcI,,,,INTERV,Press--Newsday Magazine--In Any Languag 14Jul1976_at_NY,sp,interviews,4. interviews,bpqkehsu
550,1322,mega,jV9lTa5T!J34e4Esijyq4Iq-gZ33aCR48KL1lDnGbIywWq7uiaGI,,,,INTERV,Press--Newsweek Magazine--Are --etc 14Jul1976_at_NY,sp,interviews,4. interviews,afntocba
551,1323,mega,jRE0SI4R!uAkg4PnCKKP7XqopzpHY_jEpi18R8XIsuqrIlxi65kI,,,,INTERV,Press--Associated Press--The --etc 16Jul1976_at_NY,sp,interviews,4. interviews,ifizdgvf
552,1324,mega,eMFm2Yoa!PxR05C8wYOO2Vfk4XdClG2zmbbvlnFNic6DIzzfM0U8,,,,INTERV,"Press-Trans India Magazine-Life, Liberty, and the Pursuit of Distress 17Jul1976_at_NY",sp,interviews,4. interviews,oltnjzjk
553,1325,mega,PQ1gnSqR!7GJNKVIfFitgX1ujgwrWzgS1PeUZ_R9U4Xb7r8agNGw,,,,INTERV,Press--Spirits in Alien Machines 11Jul1975_at_PHI,sp,interviews,4. interviews,szmjttej
554,1326,mega,vENzGaDR!DiMWIUnO1U51NueNtHZ2tK2IVa7kh9A6F1JMvJa77xA,,,,INTERV,Press-Philadelphia Enquirer-Women's Lib-Women Cheated 13Jul1975_at_PHI,sp,interviews,4. interviews,vqzpfqnd
555,1327,mega,LMViCACJ!1jVWamjyvCwz6e22K-fkQ-X-oJ9s_9ZQy8kNlwVWxxc,,,,INTERV,Radio-KPFK LA-Transfer Your Love from Dog 9Mar1968_at_SF,sp,interviews,4. interviews,vtskbmhi
